benchmark,config,l1_size_kb,l1_associativity,l1_block_size_b,l2_size_kb,l2_associativity,l2_block_size_b,total_instructions,total_cycles,ipc,l1_accesses,l1_misses,l1_miss_rate_pct,l1_mpki,l2_accesses,l2_misses,l2_miss_rate_pct,l2_mpki,mem_accesses,raw_output,stdout_log,stderr_log
403.gcc,L2_1024KB_A16_B128,32,4,32,1024,16,128,3184273427,6874181636,0.463222000,1230681969,67459544,5.481476588,21.185223426,67459544,8923154,13.227415234,2.802257471,8923154,/home/peppasmich/NTUA-Advanced_Computer_Architecture/exercises/2nd/benchmarks/4.2/raw/403.gcc/L2_1024KB_A16_B128.out,/home/peppasmich/NTUA-Advanced_Computer_Architecture/exercises/2nd/benchmarks/4.2/logs/403.gcc/L2_1024KB_A16_B128.stdout.txt,/home/peppasmich/NTUA-Advanced_Computer_Architecture/exercises/2nd/benchmarks/4.2/logs/403.gcc/L2_1024KB_A16_B128.stderr.txt
429.mcf,L2_1024KB_A16_B128,32,4,32,1024,16,128,18199707639,324608344421,0.056066700,8233779532,3174544005,38.555125173,174.428296760,3174544005,1332147086,41.963415341,73.196070642,1332147086,/home/peppasmich/NTUA-Advanced_Computer_Architecture/exercises/2nd/benchmarks/4.2/raw/429.mcf/L2_1024KB_A16_B128.out,/home/peppasmich/NTUA-Advanced_Computer_Architecture/exercises/2nd/benchmarks/4.2/logs/429.mcf/L2_1024KB_A16_B128.stdout.txt,/home/peppasmich/NTUA-Advanced_Computer_Architecture/exercises/2nd/benchmarks/4.2/logs/429.mcf/L2_1024KB_A16_B128.stderr.txt
433.milc,L2_1024KB_A16_B128,32,4,32,1024,16,128,38323369696,160962635657,0.238089000,13220705181,1389095338,10.506968569,36.246690962,1389095338,477638037,34.384827588,12.463362194,477638037,/home/peppasmich/NTUA-Advanced_Computer_Architecture/exercises/2nd/benchmarks/4.2/raw/433.milc/L2_1024KB_A16_B128.out,/home/peppasmich/NTUA-Advanced_Computer_Architecture/exercises/2nd/benchmarks/4.2/logs/433.milc/L2_1024KB_A16_B128.stdout.txt,/home/peppasmich/NTUA-Advanced_Computer_Architecture/exercises/2nd/benchmarks/4.2/logs/433.milc/L2_1024KB_A16_B128.stderr.txt
444.namd,L2_1024KB_A16_B128,32,4,32,1024,16,128,60533958310,84853546774,0.713393000,17653017094,594342577,3.366804518,9.818333273,594342577,3615728,0.608357560,0.059730573,3615728,/home/peppasmich/NTUA-Advanced_Computer_Architecture/exercises/2nd/benchmarks/4.2/raw/444.namd/L2_1024KB_A16_B128.out,/home/peppasmich/NTUA-Advanced_Computer_Architecture/exercises/2nd/benchmarks/4.2/logs/444.namd/L2_1024KB_A16_B128.stdout.txt,/home/peppasmich/NTUA-Advanced_Computer_Architecture/exercises/2nd/benchmarks/4.2/logs/444.namd/L2_1024KB_A16_B128.stderr.txt
450.soplex,L2_1024KB_A16_B128,32,4,32,1024,16,128,7436830993,31551714648,0.235703000,2638750345,386587971,14.650418587,51.982890476,386587971,88051268,22.776515206,11.839890954,88051268,/home/peppasmich/NTUA-Advanced_Computer_Architecture/exercises/2nd/benchmarks/4.2/raw/450.soplex/L2_1024KB_A16_B128.out,/home/peppasmich/NTUA-Advanced_Computer_Architecture/exercises/2nd/benchmarks/4.2/logs/450.soplex/L2_1024KB_A16_B128.stdout.txt,/home/peppasmich/NTUA-Advanced_Computer_Architecture/exercises/2nd/benchmarks/4.2/logs/450.soplex/L2_1024KB_A16_B128.stderr.txt
459.GemsFDTD,L2_1024KB_A16_B128,32,4,32,1024,16,128,108786995069,517218160010,0.210331000,44379576441,6372567670,14.359234993,58.578395937,6372567670,1501629559,23.563964116,13.803392198,1501629559,/home/peppasmich/NTUA-Advanced_Computer_Architecture/exercises/2nd/benchmarks/4.2/raw/459.GemsFDTD/L2_1024KB_A16_B128.out,/home/peppasmich/NTUA-Advanced_Computer_Architecture/exercises/2nd/benchmarks/4.2/logs/459.GemsFDTD/L2_1024KB_A16_B128.stdout.txt,/home/peppasmich/NTUA-Advanced_Computer_Architecture/exercises/2nd/benchmarks/4.2/logs/459.GemsFDTD/L2_1024KB_A16_B128.stderr.txt
470.lbm,L2_1024KB_A16_B128,32,4,32,1024,16,128,96483401448,609238793034,0.158367000,31930116806,8340882158,26.122303932,86.448881702,8340882158,1987082266,23.823406546,20.595068542,1987082266,/home/peppasmich/NTUA-Advanced_Computer_Architecture/exercises/2nd/benchmarks/4.2/raw/470.lbm/L2_1024KB_A16_B128.out,/home/peppasmich/NTUA-Advanced_Computer_Architecture/exercises/2nd/benchmarks/4.2/logs/470.lbm/L2_1024KB_A16_B128.stdout.txt,/home/peppasmich/NTUA-Advanced_Computer_Architecture/exercises/2nd/benchmarks/4.2/logs/470.lbm/L2_1024KB_A16_B128.stderr.txt
403.gcc,L2_1024KB_A16_B256,32,4,32,1024,16,256,3184174820,6262483326,0.508452000,1230632976,67096853,5.452222905,21.071975250,67096853,5883535,8.768719749,1.847742455,5883535,/home/peppasmich/NTUA-Advanced_Computer_Architecture/exercises/2nd/benchmarks/4.2/raw/403.gcc/L2_1024KB_A16_B256.out,/home/peppasmich/NTUA-Advanced_Computer_Architecture/exercises/2nd/benchmarks/4.2/logs/403.gcc/L2_1024KB_A16_B256.stdout.txt,/home/peppasmich/NTUA-Advanced_Computer_Architecture/exercises/2nd/benchmarks/4.2/logs/403.gcc/L2_1024KB_A16_B256.stderr.txt
429.mcf,L2_1024KB_A16_B256,32,4,32,1024,16,256,18199707639,210402182281,0.086499600,8233779532,3174549051,38.555186457,174.428574017,3174549051,761116023,23.975563482,41.820233495,761116023,/home/peppasmich/NTUA-Advanced_Computer_Architecture/exercises/2nd/benchmarks/4.2/raw/429.mcf/L2_1024KB_A16_B256.out,/home/peppasmich/NTUA-Advanced_Computer_Architecture/exercises/2nd/benchmarks/4.2/logs/429.mcf/L2_1024KB_A16_B256.stdout.txt,/home/peppasmich/NTUA-Advanced_Computer_Architecture/exercises/2nd/benchmarks/4.2/logs/429.mcf/L2_1024KB_A16_B256.stderr.txt
433.milc,L2_1024KB_A16_B256,32,4,32,1024,16,256,38323369696,134752592387,0.284398000,13220705181,1389486031,10.509923729,36.256885603,1389486031,346568286,24.942192888,9.043262342,346568286,/home/peppasmich/NTUA-Advanced_Computer_Architecture/exercises/2nd/benchmarks/4.2/raw/433.milc/L2_1024KB_A16_B256.out,/home/peppasmich/NTUA-Advanced_Computer_Architecture/exercises/2nd/benchmarks/4.2/logs/433.milc/L2_1024KB_A16_B256.stdout.txt,/home/peppasmich/NTUA-Advanced_Computer_Architecture/exercises/2nd/benchmarks/4.2/logs/433.milc/L2_1024KB_A16_B256.stderr.txt
444.namd,L2_1024KB_A16_B256,32,4,32,1024,16,256,60533958060,84521965882,0.716192000,17653017032,594488099,3.367628876,9.820737286,594488099,1950549,0.328105643,0.032222393,1950549,/home/peppasmich/NTUA-Advanced_Computer_Architecture/exercises/2nd/benchmarks/4.2/raw/444.namd/L2_1024KB_A16_B256.out,/home/peppasmich/NTUA-Advanced_Computer_Architecture/exercises/2nd/benchmarks/4.2/logs/444.namd/L2_1024KB_A16_B256.stdout.txt,/home/peppasmich/NTUA-Advanced_Computer_Architecture/exercises/2nd/benchmarks/4.2/logs/444.namd/L2_1024KB_A16_B256.stderr.txt
450.soplex,L2_1024KB_A16_B256,32,4,32,1024,16,256,7436399253,23191184659,0.320656000,2638410956,386488145,14.648519561,51.972484512,386488145,46257465,11.968663360,6.220411711,46257465,/home/peppasmich/NTUA-Advanced_Computer_Architecture/exercises/2nd/benchmarks/4.2/raw/450.soplex/L2_1024KB_A16_B256.out,/home/peppasmich/NTUA-Advanced_Computer_Architecture/exercises/2nd/benchmarks/4.2/logs/450.soplex/L2_1024KB_A16_B256.stdout.txt,/home/peppasmich/NTUA-Advanced_Computer_Architecture/exercises/2nd/benchmarks/4.2/logs/450.soplex/L2_1024KB_A16_B256.stderr.txt
459.GemsFDTD,L2_1024KB_A16_B256,32,4,32,1024,16,256,108786994867,398071949548,0.273285000,44379576341,6372429794,14.358924351,58.577128652,6372429794,905905402,14.216012279,8.327331802,905905402,/home/peppasmich/NTUA-Advanced_Computer_Architecture/exercises/2nd/benchmarks/4.2/raw/459.GemsFDTD/L2_1024KB_A16_B256.out,/home/peppasmich/NTUA-Advanced_Computer_Architecture/exercises/2nd/benchmarks/4.2/logs/459.GemsFDTD/L2_1024KB_A16_B256.stdout.txt,/home/peppasmich/NTUA-Advanced_Computer_Architecture/exercises/2nd/benchmarks/4.2/logs/459.GemsFDTD/L2_1024KB_A16_B256.stderr.txt
470.lbm,L2_1024KB_A16_B256,32,4,32,1024,16,256,96483401448,410578571174,0.234994000,31930116806,8340821072,26.122112621,86.448248578,8340821072,993784211,11.914704828,10.300053647,993784211,/home/peppasmich/NTUA-Advanced_Computer_Architecture/exercises/2nd/benchmarks/4.2/raw/470.lbm/L2_1024KB_A16_B256.out,/home/peppasmich/NTUA-Advanced_Computer_Architecture/exercises/2nd/benchmarks/4.2/logs/470.lbm/L2_1024KB_A16_B256.stdout.txt,/home/peppasmich/NTUA-Advanced_Computer_Architecture/exercises/2nd/benchmarks/4.2/logs/470.lbm/L2_1024KB_A16_B256.stderr.txt
403.gcc,L2_1024KB_A16_B64,32,4,32,1024,16,64,3184468381,7439407487,0.428054000,1230689736,67121257,5.453954399,21.077696171,67121257,11765184,17.528253382,3.694551992,11765184,/home/peppasmich/NTUA-Advanced_Computer_Architecture/exercises/2nd/benchmarks/4.2/raw/403.gcc/L2_1024KB_A16_B64.out,/home/peppasmich/NTUA-Advanced_Computer_Architecture/exercises/2nd/benchmarks/4.2/logs/403.gcc/L2_1024KB_A16_B64.stdout.txt,/home/peppasmich/NTUA-Advanced_Computer_Architecture/exercises/2nd/benchmarks/4.2/logs/403.gcc/L2_1024KB_A16_B64.stderr.txt
429.mcf,L2_1024KB_A16_B64,32,4,32,1024,16,64,18199707639,445890062771,0.040816600,8233779532,3174156780,38.550422290,174.407020319,3174156780,1938575039,61.073701564,106.516823097,1938575039,/home/peppasmich/NTUA-Advanced_Computer_Architecture/exercises/2nd/benchmarks/4.2/raw/429.mcf/L2_1024KB_A16_B64.out,/home/peppasmich/NTUA-Advanced_Computer_Architecture/exercises/2nd/benchmarks/4.2/logs/429.mcf/L2_1024KB_A16_B64.stdout.txt,/home/peppasmich/NTUA-Advanced_Computer_Architecture/exercises/2nd/benchmarks/4.2/logs/429.mcf/L2_1024KB_A16_B64.stderr.txt
433.milc,L2_1024KB_A16_B64,32,4,32,1024,16,64,38323369696,220131598667,0.174093000,13220705181,1389029539,10.506470873,36.244974020,1389029539,773486142,55.685363074,20.183145379,773486142,/home/peppasmich/NTUA-Advanced_Computer_Architecture/exercises/2nd/benchmarks/4.2/raw/433.milc/L2_1024KB_A16_B64.out,/home/peppasmich/NTUA-Advanced_Computer_Architecture/exercises/2nd/benchmarks/4.2/logs/433.milc/L2_1024KB_A16_B64.stdout.txt,/home/peppasmich/NTUA-Advanced_Computer_Architecture/exercises/2nd/benchmarks/4.2/logs/433.milc/L2_1024KB_A16_B64.stderr.txt
444.namd,L2_1024KB_A16_B64,32,4,32,1024,16,64,60533959272,85425493636,0.708617000,17653017154,587448301,3.327750128,9.704442070,587448301,6820171,1.160982335,0.112666858,6820171,/home/peppasmich/NTUA-Advanced_Computer_Architecture/exercises/2nd/benchmarks/4.2/raw/444.namd/L2_1024KB_A16_B64.out,/home/peppasmich/NTUA-Advanced_Computer_Architecture/exercises/2nd/benchmarks/4.2/logs/444.namd/L2_1024KB_A16_B64.stdout.txt,/home/peppasmich/NTUA-Advanced_Computer_Architecture/exercises/2nd/benchmarks/4.2/logs/444.namd/L2_1024KB_A16_B64.stderr.txt
450.soplex,L2_1024KB_A16_B64,32,4,32,1024,16,64,7438026380,47433018412,0.156811000,2638890202,386582243,14.649425077,51.973766057,386582243,167451397,43.315853232,22.512880225,167451397,/home/peppasmich/NTUA-Advanced_Computer_Architecture/exercises/2nd/benchmarks/4.2/raw/450.soplex/L2_1024KB_A16_B64.out,/home/peppasmich/NTUA-Advanced_Computer_Architecture/exercises/2nd/benchmarks/4.2/logs/450.soplex/L2_1024KB_A16_B64.stdout.txt,/home/peppasmich/NTUA-Advanced_Computer_Architecture/exercises/2nd/benchmarks/4.2/logs/450.soplex/L2_1024KB_A16_B64.stderr.txt
459.GemsFDTD,L2_1024KB_A16_B64,32,4,32,1024,16,64,108786995069,740298599300,0.146950000,44379576441,6374662179,14.363954526,58.597649241,6374662179,2616927030,41.052011174,24.055513514,2616927030,/home/peppasmich/NTUA-Advanced_Computer_Architecture/exercises/2nd/benchmarks/4.2/raw/459.GemsFDTD/L2_1024KB_A16_B64.out,/home/peppasmich/NTUA-Advanced_Computer_Architecture/exercises/2nd/benchmarks/4.2/logs/459.GemsFDTD/L2_1024KB_A16_B64.stdout.txt,/home/peppasmich/NTUA-Advanced_Computer_Architecture/exercises/2nd/benchmarks/4.2/logs/459.GemsFDTD/L2_1024KB_A16_B64.stderr.txt
470.lbm,L2_1024KB_A16_B64,32,4,32,1024,16,64,96483401448,1006359571284,0.095873700,31930116806,8340787863,26.122008615,86.447904384,8340787863,3972690872,47.629683637,41.174863369,3972690872,/home/peppasmich/NTUA-Advanced_Computer_Architecture/exercises/2nd/benchmarks/4.2/raw/470.lbm/L2_1024KB_A16_B64.out,/home/peppasmich/NTUA-Advanced_Computer_Architecture/exercises/2nd/benchmarks/4.2/logs/470.lbm/L2_1024KB_A16_B64.stdout.txt,/home/peppasmich/NTUA-Advanced_Computer_Architecture/exercises/2nd/benchmarks/4.2/logs/470.lbm/L2_1024KB_A16_B64.stderr.txt
403.gcc,L2_1024KB_A8_B128,32,4,32,1024,8,128,3184160706,6885727489,0.462429000,1230630903,67292628,5.468140596,21.133552673,67292628,8990048,13.359632797,2.823365034,8990048,/home/peppasmich/NTUA-Advanced_Computer_Architecture/exercises/2nd/benchmarks/4.2/raw/403.gcc/L2_1024KB_A8_B128.out,/home/peppasmich/NTUA-Advanced_Computer_Architecture/exercises/2nd/benchmarks/4.2/logs/403.gcc/L2_1024KB_A8_B128.stdout.txt,/home/peppasmich/NTUA-Advanced_Computer_Architecture/exercises/2nd/benchmarks/4.2/logs/403.gcc/L2_1024KB_A8_B128.stderr.txt
429.mcf,L2_1024KB_A8_B128,32,4,32,1024,8,128,18199707639,323709025821,0.056222400,8233779532,3174475745,38.554296149,174.424546150,3174475745,1327653906,41.822776819,72.949188654,1327653906,/home/peppasmich/NTUA-Advanced_Computer_Architecture/exercises/2nd/benchmarks/4.2/raw/429.mcf/L2_1024KB_A8_B128.out,/home/peppasmich/NTUA-Advanced_Computer_Architecture/exercises/2nd/benchmarks/4.2/logs/429.mcf/L2_1024KB_A8_B128.stdout.txt,/home/peppasmich/NTUA-Advanced_Computer_Architecture/exercises/2nd/benchmarks/4.2/logs/429.mcf/L2_1024KB_A8_B128.stderr.txt
433.milc,L2_1024KB_A8_B128,32,4,32,1024,8,128,38323369696,160750140057,0.238403000,13220705181,1389166598,10.507507572,36.248550402,1389166598,476571996,34.306324143,12.435545198,476571996,/home/peppasmich/NTUA-Advanced_Computer_Architecture/exercises/2nd/benchmarks/4.2/raw/433.milc/L2_1024KB_A8_B128.out,/home/peppasmich/NTUA-Advanced_Computer_Architecture/exercises/2nd/benchmarks/4.2/logs/433.milc/L2_1024KB_A8_B128.stdout.txt,/home/peppasmich/NTUA-Advanced_Computer_Architecture/exercises/2nd/benchmarks/4.2/logs/433.milc/L2_1024KB_A8_B128.stderr.txt
444.namd,L2_1024KB_A8_B128,32,4,32,1024,8,128,60533958310,84797095224,0.713868000,17653017094,587837002,3.329952035,9.710863430,587837002,3658749,0.622408761,0.060441265,3658749,/home/peppasmich/NTUA-Advanced_Computer_Architecture/exercises/2nd/benchmarks/4.2/raw/444.namd/L2_1024KB_A8_B128.out,/home/peppasmich/NTUA-Advanced_Computer_Architecture/exercises/2nd/benchmarks/4.2/logs/444.namd/L2_1024KB_A8_B128.stdout.txt,/home/peppasmich/NTUA-Advanced_Computer_Architecture/exercises/2nd/benchmarks/4.2/logs/444.namd/L2_1024KB_A8_B128.stderr.txt
450.soplex,L2_1024KB_A8_B128,32,4,32,1024,8,128,7435260736,31552149816,0.235650000,2638496910,386525877,14.649472415,51.985517485,386525877,88065667,22.783899408,11.844328010,88065667,/home/peppasmich/NTUA-Advanced_Computer_Architecture/exercises/2nd/benchmarks/4.2/raw/450.soplex/L2_1024KB_A8_B128.out,/home/peppasmich/NTUA-Advanced_Computer_Architecture/exercises/2nd/benchmarks/4.2/logs/450.soplex/L2_1024KB_A8_B128.stdout.txt,/home/peppasmich/NTUA-Advanced_Computer_Architecture/exercises/2nd/benchmarks/4.2/logs/450.soplex/L2_1024KB_A8_B128.stderr.txt
459.GemsFDTD,L2_1024KB_A8_B128,32,4,32,1024,8,128,108786994867,517265915258,0.210312000,44379576341,6373812085,14.362039052,58.589835051,6373812085,1501806116,23.562133555,13.805015184,1501806116,/home/peppasmich/NTUA-Advanced_Computer_Architecture/exercises/2nd/benchmarks/4.2/raw/459.GemsFDTD/L2_1024KB_A8_B128.out,/home/peppasmich/NTUA-Advanced_Computer_Architecture/exercises/2nd/benchmarks/4.2/logs/459.GemsFDTD/L2_1024KB_A8_B128.stdout.txt,/home/peppasmich/NTUA-Advanced_Computer_Architecture/exercises/2nd/benchmarks/4.2/logs/459.GemsFDTD/L2_1024KB_A8_B128.stderr.txt
470.lbm,L2_1024KB_A8_B128,32,4,32,1024,8,128,96483401448,609247310704,0.158365000,31930116806,8340900665,26.122361893,86.449073518,8340900665,1987123929,23.823853188,20.595500357,1987123929,/home/peppasmich/NTUA-Advanced_Computer_Architecture/exercises/2nd/benchmarks/4.2/raw/470.lbm/L2_1024KB_A8_B128.out,/home/peppasmich/NTUA-Advanced_Computer_Architecture/exercises/2nd/benchmarks/4.2/logs/470.lbm/L2_1024KB_A8_B128.stdout.txt,/home/peppasmich/NTUA-Advanced_Computer_Architecture/exercises/2nd/benchmarks/4.2/logs/470.lbm/L2_1024KB_A8_B128.stderr.txt
403.gcc,L2_1024KB_A8_B256,32,4,32,1024,8,256,3184097131,6275794664,0.507362000,1230602603,67070433,5.450210558,21.064191901,67070433,5951953,8.874183055,1.869274948,5951953,/home/peppasmich/NTUA-Advanced_Computer_Architecture/exercises/2nd/benchmarks/4.2/raw/403.gcc/L2_1024KB_A8_B256.out,/home/peppasmich/NTUA-Advanced_Computer_Architecture/exercises/2nd/benchmarks/4.2/logs/403.gcc/L2_1024KB_A8_B256.stdout.txt,/home/peppasmich/NTUA-Advanced_Computer_Architecture/exercises/2nd/benchmarks/4.2/logs/403.gcc/L2_1024KB_A8_B256.stderr.txt
429.mcf,L2_1024KB_A8_B256,32,4,32,1024,8,256,18199707639,210435712291,0.086485800,8233779532,3174868292,38.559063668,174.446115013,3174868292,761267711,23.977930452,41.828568134,761267711,/home/peppasmich/NTUA-Advanced_Computer_Architecture/exercises/2nd/benchmarks/4.2/raw/429.mcf/L2_1024KB_A8_B256.out,/home/peppasmich/NTUA-Advanced_Computer_Architecture/exercises/2nd/benchmarks/4.2/logs/429.mcf/L2_1024KB_A8_B256.stdout.txt,/home/peppasmich/NTUA-Advanced_Computer_Architecture/exercises/2nd/benchmarks/4.2/logs/429.mcf/L2_1024KB_A8_B256.stderr.txt
433.milc,L2_1024KB_A8_B256,32,4,32,1024,8,256,38323369696,134637405927,0.284641000,13220705181,1389203865,10.507789456,36.249522837,1389203865,346006462,24.906816826,9.028602254,346006462,/home/peppasmich/NTUA-Advanced_Computer_Architecture/exercises/2nd/benchmarks/4.2/raw/433.milc/L2_1024KB_A8_B256.out,/home/peppasmich/NTUA-Advanced_Computer_Architecture/exercises/2nd/benchmarks/4.2/logs/433.milc/L2_1024KB_A8_B256.stdout.txt,/home/peppasmich/NTUA-Advanced_Computer_Architecture/exercises/2nd/benchmarks/4.2/logs/433.milc/L2_1024KB_A8_B256.stderr.txt
444.namd,L2_1024KB_A8_B256,32,4,32,1024,8,256,60533960383,84437791567,0.716906000,17653017444,585588454,3.317214498,9.673717865,585588454,1974646,0.337207127,0.032620466,1974646,/home/peppasmich/NTUA-Advanced_Computer_Architecture/exercises/2nd/benchmarks/4.2/raw/444.namd/L2_1024KB_A8_B256.out,/home/peppasmich/NTUA-Advanced_Computer_Architecture/exercises/2nd/benchmarks/4.2/logs/444.namd/L2_1024KB_A8_B256.stdout.txt,/home/peppasmich/NTUA-Advanced_Computer_Architecture/exercises/2nd/benchmarks/4.2/logs/444.namd/L2_1024KB_A8_B256.stderr.txt
450.soplex,L2_1024KB_A8_B256,32,4,32,1024,8,256,7437849506,23202230696,0.320566000,2638963510,386560208,14.648183142,51.972039457,386560208,46299078,11.977197094,6.224793600,46299078,/home/peppasmich/NTUA-Advanced_Computer_Architecture/exercises/2nd/benchmarks/4.2/raw/450.soplex/L2_1024KB_A8_B256.out,/home/peppasmich/NTUA-Advanced_Computer_Architecture/exercises/2nd/benchmarks/4.2/logs/450.soplex/L2_1024KB_A8_B256.stdout.txt,/home/peppasmich/NTUA-Advanced_Computer_Architecture/exercises/2nd/benchmarks/4.2/logs/450.soplex/L2_1024KB_A8_B256.stderr.txt
459.GemsFDTD,L2_1024KB_A8_B256,32,4,32,1024,8,256,108786994771,403455138744,0.269638000,44379576293,6373653008,14.361680621,58.588372824,6373653008,932760188,14.634624553,8.574188394,932760188,/home/peppasmich/NTUA-Advanced_Computer_Architecture/exercises/2nd/benchmarks/4.2/raw/459.GemsFDTD/L2_1024KB_A8_B256.out,/home/peppasmich/NTUA-Advanced_Computer_Architecture/exercises/2nd/benchmarks/4.2/logs/459.GemsFDTD/L2_1024KB_A8_B256.stdout.txt,/home/peppasmich/NTUA-Advanced_Computer_Architecture/exercises/2nd/benchmarks/4.2/logs/459.GemsFDTD/L2_1024KB_A8_B256.stderr.txt
470.lbm,L2_1024KB_A8_B256,32,4,32,1024,8,256,96483401448,410586309654,0.234989000,31930116806,8340902540,26.122367765,86.449092951,8340902540,993818830,11.915003505,10.300412455,993818830,/home/peppasmich/NTUA-Advanced_Computer_Architecture/exercises/2nd/benchmarks/4.2/raw/470.lbm/L2_1024KB_A8_B256.out,/home/peppasmich/NTUA-Advanced_Computer_Architecture/exercises/2nd/benchmarks/4.2/logs/470.lbm/L2_1024KB_A8_B256.stdout.txt,/home/peppasmich/NTUA-Advanced_Computer_Architecture/exercises/2nd/benchmarks/4.2/logs/470.lbm/L2_1024KB_A8_B256.stderr.txt
403.gcc,L2_1024KB_A8_B64,32,4,32,1024,8,64,3184264834,7447006619,0.427590000,1230653125,67136926,5.455389877,21.083964274,67136926,11803597,17.581378391,3.706851539,11803597,/home/peppasmich/NTUA-Advanced_Computer_Architecture/exercises/2nd/benchmarks/4.2/raw/403.gcc/L2_1024KB_A8_B64.out,/home/peppasmich/NTUA-Advanced_Computer_Architecture/exercises/2nd/benchmarks/4.2/logs/403.gcc/L2_1024KB_A8_B64.stdout.txt,/home/peppasmich/NTUA-Advanced_Computer_Architecture/exercises/2nd/benchmarks/4.2/logs/403.gcc/L2_1024KB_A8_B64.stderr.txt
429.mcf,L2_1024KB_A8_B64,32,4,32,1024,8,64,18199707639,443378549971,0.041047800,8233779532,3174886560,38.559285534,174.447118766,3174886560,1925980986,60.662985893,105.824831047,1925980986,/home/peppasmich/NTUA-Advanced_Computer_Architecture/exercises/2nd/benchmarks/4.2/raw/429.mcf/L2_1024KB_A8_B64.out,/home/peppasmich/NTUA-Advanced_Computer_Architecture/exercises/2nd/benchmarks/4.2/logs/429.mcf/L2_1024KB_A8_B64.stdout.txt,/home/peppasmich/NTUA-Advanced_Computer_Architecture/exercises/2nd/benchmarks/4.2/logs/429.mcf/L2_1024KB_A8_B64.stderr.txt
433.milc,L2_1024KB_A8_B64,32,4,32,1024,8,64,38323370297,219641066978,0.174482000,13220705311,1389034937,10.506511599,36.245114306,1389034937,771033210,55.508554138,20.119138897,771033210,/home/peppasmich/NTUA-Advanced_Computer_Architecture/exercises/2nd/benchmarks/4.2/raw/433.milc/L2_1024KB_A8_B64.out,/home/peppasmich/NTUA-Advanced_Computer_Architecture/exercises/2nd/benchmarks/4.2/logs/433.milc/L2_1024KB_A8_B64.stdout.txt,/home/peppasmich/NTUA-Advanced_Computer_Architecture/exercises/2nd/benchmarks/4.2/logs/433.milc/L2_1024KB_A8_B64.stderr.txt
444.namd,L2_1024KB_A8_B64,32,4,32,1024,8,64,60533958312,85474692266,0.708209000,17653017094,591020026,3.347983083,9.763445882,591020026,6887583,1.165372187,0.113780483,6887583,/home/peppasmich/NTUA-Advanced_Computer_Architecture/exercises/2nd/benchmarks/4.2/raw/444.namd/L2_1024KB_A8_B64.out,/home/peppasmich/NTUA-Advanced_Computer_Architecture/exercises/2nd/benchmarks/4.2/logs/444.namd/L2_1024KB_A8_B64.stdout.txt,/home/peppasmich/NTUA-Advanced_Computer_Architecture/exercises/2nd/benchmarks/4.2/logs/444.namd/L2_1024KB_A8_B64.stderr.txt
450.soplex,L2_1024KB_A8_B64,32,4,32,1024,8,64,7440357040,47371164415,0.157065000,2639148575,386599380,14.648640234,51.959788747,386599380,167128325,43.230365501,22.462406589,167128325,/home/peppasmich/NTUA-Advanced_Computer_Architecture/exercises/2nd/benchmarks/4.2/raw/450.soplex/L2_1024KB_A8_B64.out,/home/peppasmich/NTUA-Advanced_Computer_Architecture/exercises/2nd/benchmarks/4.2/logs/450.soplex/L2_1024KB_A8_B64.stdout.txt,/home/peppasmich/NTUA-Advanced_Computer_Architecture/exercises/2nd/benchmarks/4.2/logs/450.soplex/L2_1024KB_A8_B64.stderr.txt
459.GemsFDTD,L2_1024KB_A8_B64,32,4,32,1024,8,64,108786994867,740233807238,0.146963000,44379576341,6371396803,14.356596724,58.567633115,6371396803,2616766340,41.070528503,24.054036452,2616766340,/home/peppasmich/NTUA-Advanced_Computer_Architecture/exercises/2nd/benchmarks/4.2/raw/459.GemsFDTD/L2_1024KB_A8_B64.out,/home/peppasmich/NTUA-Advanced_Computer_Architecture/exercises/2nd/benchmarks/4.2/logs/459.GemsFDTD/L2_1024KB_A8_B64.stdout.txt,/home/peppasmich/NTUA-Advanced_Computer_Architecture/exercises/2nd/benchmarks/4.2/logs/459.GemsFDTD/L2_1024KB_A8_B64.stderr.txt
470.lbm,L2_1024KB_A8_B64,32,4,32,1024,8,64,96483401448,1006364903014,0.095873200,31930116806,8340870796,26.122268348,86.448763941,8340870796,3972713384,47.629479957,41.175096694,3972713384,/home/peppasmich/NTUA-Advanced_Computer_Architecture/exercises/2nd/benchmarks/4.2/raw/470.lbm/L2_1024KB_A8_B64.out,/home/peppasmich/NTUA-Advanced_Computer_Architecture/exercises/2nd/benchmarks/4.2/logs/470.lbm/L2_1024KB_A8_B64.stdout.txt,/home/peppasmich/NTUA-Advanced_Computer_Architecture/exercises/2nd/benchmarks/4.2/logs/470.lbm/L2_1024KB_A8_B64.stderr.txt
403.gcc,L2_2048KB_A16_B128,32,4,32,2048,16,128,3184361580,6433394979,0.494974000,1230707259,67570014,5.490340087,21.219328365,67570014,6713130,9.935072679,2.108155695,6713130,/home/peppasmich/NTUA-Advanced_Computer_Architecture/exercises/2nd/benchmarks/4.2/raw/403.gcc/L2_2048KB_A16_B128.out,/home/peppasmich/NTUA-Advanced_Computer_Architecture/exercises/2nd/benchmarks/4.2/logs/403.gcc/L2_2048KB_A16_B128.stdout.txt,/home/peppasmich/NTUA-Advanced_Computer_Architecture/exercises/2nd/benchmarks/4.2/logs/403.gcc/L2_2048KB_A16_B128.stderr.txt
429.mcf,L2_2048KB_A16_B128,32,4,32,2048,16,128,18199707639,273024614911,0.066659600,8233779532,3174374874,38.553071061,174.419003699,3174374874,1074236895,33.840895850,59.024953384,1074236895,/home/peppasmich/NTUA-Advanced_Computer_Architecture/exercises/2nd/benchmarks/4.2/raw/429.mcf/L2_2048KB_A16_B128.out,/home/peppasmich/NTUA-Advanced_Computer_Architecture/exercises/2nd/benchmarks/4.2/logs/429.mcf/L2_2048KB_A16_B128.stdout.txt,/home/peppasmich/NTUA-Advanced_Computer_Architecture/exercises/2nd/benchmarks/4.2/logs/429.mcf/L2_2048KB_A16_B128.stderr.txt
433.milc,L2_2048KB_A16_B128,32,4,32,2048,16,128,38323369696,155225288877,0.246889000,13220705181,1388933420,10.505743839,36.242465916,1388933420,448959399,32.324040342,11.715029304,448959399,/home/peppasmich/NTUA-Advanced_Computer_Architecture/exercises/2nd/benchmarks/4.2/raw/433.milc/L2_2048KB_A16_B128.out,/home/peppasmich/NTUA-Advanced_Computer_Architecture/exercises/2nd/benchmarks/4.2/logs/433.milc/L2_2048KB_A16_B128.stdout.txt,/home/peppasmich/NTUA-Advanced_Computer_Architecture/exercises/2nd/benchmarks/4.2/logs/433.milc/L2_2048KB_A16_B128.stderr.txt
444.namd,L2_2048KB_A16_B128,32,4,32,2048,16,128,60533959253,84634688299,0.715238000,17653017226,585501082,3.316719598,9.672274691,585501082,2963505,0.506148510,0.048956074,2963505,/home/peppasmich/NTUA-Advanced_Computer_Architecture/exercises/2nd/benchmarks/4.2/raw/444.namd/L2_2048KB_A16_B128.out,/home/peppasmich/NTUA-Advanced_Computer_Architecture/exercises/2nd/benchmarks/4.2/logs/444.namd/L2_2048KB_A16_B128.stdout.txt,/home/peppasmich/NTUA-Advanced_Computer_Architecture/exercises/2nd/benchmarks/4.2/logs/444.namd/L2_2048KB_A16_B128.stderr.txt
450.soplex,L2_2048KB_A16_B128,32,4,32,2048,16,128,7439508634,29717505140,0.250341000,2638875396,386492731,14.646115220,51.951378782,386492731,78870969,20.406844081,10.601636866,78870969,/home/peppasmich/NTUA-Advanced_Computer_Architecture/exercises/2nd/benchmarks/4.2/raw/450.soplex/L2_2048KB_A16_B128.out,/home/peppasmich/NTUA-Advanced_Computer_Architecture/exercises/2nd/benchmarks/4.2/logs/450.soplex/L2_2048KB_A16_B128.stdout.txt,/home/peppasmich/NTUA-Advanced_Computer_Architecture/exercises/2nd/benchmarks/4.2/logs/450.soplex/L2_2048KB_A16_B128.stderr.txt
459.GemsFDTD,L2_2048KB_A16_B128,32,4,32,2048,16,128,108786994771,513550912274,0.211833000,44379576293,6371463721,14.356747525,58.568248295,6371463721,1483348520,23.281126362,13.635347894,1483348520,/home/peppasmich/NTUA-Advanced_Computer_Architecture/exercises/2nd/benchmarks/4.2/raw/459.GemsFDTD/L2_2048KB_A16_B128.out,/home/peppasmich/NTUA-Advanced_Computer_Architecture/exercises/2nd/benchmarks/4.2/logs/459.GemsFDTD/L2_2048KB_A16_B128.stdout.txt,/home/peppasmich/NTUA-Advanced_Computer_Architecture/exercises/2nd/benchmarks/4.2/logs/459.GemsFDTD/L2_2048KB_A16_B128.stderr.txt
470.lbm,L2_2048KB_A16_B128,32,4,32,2048,16,128,96483401448,609188307124,0.158380000,31930116806,8340522827,26.121178565,86.445157424,8340522827,1986847803,23.821621788,20.592638456,1986847803,/home/peppasmich/NTUA-Advanced_Computer_Architecture/exercises/2nd/benchmarks/4.2/raw/470.lbm/L2_2048KB_A16_B128.out,/home/peppasmich/NTUA-Advanced_Computer_Architecture/exercises/2nd/benchmarks/4.2/logs/470.lbm/L2_2048KB_A16_B128.stdout.txt,/home/peppasmich/NTUA-Advanced_Computer_Architecture/exercises/2nd/benchmarks/4.2/logs/470.lbm/L2_2048KB_A16_B128.stderr.txt
403.gcc,L2_2048KB_A16_B256,32,4,32,2048,16,256,3184056895,5994123803,0.531196000,1230593448,67079926,5.451022522,21.067439500,67079926,4543371,6.773070978,1.426912631,4543371,/home/peppasmich/NTUA-Advanced_Computer_Architecture/exercises/2nd/benchmarks/4.2/raw/403.gcc/L2_2048KB_A16_B256.out,/home/peppasmich/NTUA-Advanced_Computer_Architecture/exercises/2nd/benchmarks/4.2/logs/403.gcc/L2_2048KB_A16_B256.stdout.txt,/home/peppasmich/NTUA-Advanced_Computer_Architecture/exercises/2nd/benchmarks/4.2/logs/403.gcc/L2_2048KB_A16_B256.stderr.txt
429.mcf,L2_2048KB_A16_B256,32,4,32,2048,16,256,18199707639,176416780051,0.103163000,8233779532,3174340368,38.552651983,174.417107734,3174340368,591199446,18.624324347,32.484007860,591199446,/home/peppasmich/NTUA-Advanced_Computer_Architecture/exercises/2nd/benchmarks/4.2/raw/429.mcf/L2_2048KB_A16_B256.out,/home/peppasmich/NTUA-Advanced_Computer_Architecture/exercises/2nd/benchmarks/4.2/logs/429.mcf/L2_2048KB_A16_B256.stdout.txt,/home/peppasmich/NTUA-Advanced_Computer_Architecture/exercises/2nd/benchmarks/4.2/logs/429.mcf/L2_2048KB_A16_B256.stderr.txt
433.milc,L2_2048KB_A16_B256,32,4,32,2048,16,256,38323369696,132182492157,0.289928000,13220705181,1389128808,10.507221733,36.247564320,1389128808,333735646,24.024816423,8.708410786,333735646,/home/peppasmich/NTUA-Advanced_Computer_Architecture/exercises/2nd/benchmarks/4.2/raw/433.milc/L2_2048KB_A16_B256.out,/home/peppasmich/NTUA-Advanced_Computer_Architecture/exercises/2nd/benchmarks/4.2/logs/433.milc/L2_2048KB_A16_B256.stdout.txt,/home/peppasmich/NTUA-Advanced_Computer_Architecture/exercises/2nd/benchmarks/4.2/logs/433.milc/L2_2048KB_A16_B256.stderr.txt
444.namd,L2_2048KB_A16_B256,32,4,32,2048,16,256,60533958647,84458149151,0.716733000,17653017154,595889535,3.375567643,9.843888428,595889535,1561390,0.262026753,0.025793621,1561390,/home/peppasmich/NTUA-Advanced_Computer_Architecture/exercises/2nd/benchmarks/4.2/raw/444.namd/L2_2048KB_A16_B256.out,/home/peppasmich/NTUA-Advanced_Computer_Architecture/exercises/2nd/benchmarks/4.2/logs/444.namd/L2_2048KB_A16_B256.stdout.txt,/home/peppasmich/NTUA-Advanced_Computer_Architecture/exercises/2nd/benchmarks/4.2/logs/444.namd/L2_2048KB_A16_B256.stderr.txt
450.soplex,L2_2048KB_A16_B256,32,4,32,2048,16,256,7437336651,22271663105,0.333937000,2638712154,386485350,14.646741571,51.965558121,386485350,41653804,10.777589370,5.600634468,41653804,/home/peppasmich/NTUA-Advanced_Computer_Architecture/exercises/2nd/benchmarks/4.2/raw/450.soplex/L2_2048KB_A16_B256.out,/home/peppasmich/NTUA-Advanced_Computer_Architecture/exercises/2nd/benchmarks/4.2/logs/450.soplex/L2_2048KB_A16_B256.stdout.txt,/home/peppasmich/NTUA-Advanced_Computer_Architecture/exercises/2nd/benchmarks/4.2/logs/450.soplex/L2_2048KB_A16_B256.stderr.txt
459.GemsFDTD,L2_2048KB_A16_B256,32,4,32,2048,16,256,108786994771,396069634234,0.274666000,44379576293,6371999537,14.357954873,58.573173663,6371999537,895915339,14.060191527,8.235500400,895915339,/home/peppasmich/NTUA-Advanced_Computer_Architecture/exercises/2nd/benchmarks/4.2/raw/459.GemsFDTD/L2_2048KB_A16_B256.out,/home/peppasmich/NTUA-Advanced_Computer_Architecture/exercises/2nd/benchmarks/4.2/logs/459.GemsFDTD/L2_2048KB_A16_B256.stdout.txt,/home/peppasmich/NTUA-Advanced_Computer_Architecture/exercises/2nd/benchmarks/4.2/logs/459.GemsFDTD/L2_2048KB_A16_B256.stderr.txt
470.lbm,L2_2048KB_A16_B256,32,4,32,2048,16,256,96483401448,410544192264,0.235013000,31930116806,8340526621,26.121190447,86.445196747,8340526621,993627039,11.913241024,10.298424642,993627039,/home/peppasmich/NTUA-Advanced_Computer_Architecture/exercises/2nd/benchmarks/4.2/raw/470.lbm/L2_2048KB_A16_B256.out,/home/peppasmich/NTUA-Advanced_Computer_Architecture/exercises/2nd/benchmarks/4.2/logs/470.lbm/L2_2048KB_A16_B256.stdout.txt,/home/peppasmich/NTUA-Advanced_Computer_Architecture/exercises/2nd/benchmarks/4.2/logs/470.lbm/L2_2048KB_A16_B256.stderr.txt
403.gcc,L2_2048KB_A16_B64,32,4,32,2048,16,64,3184289062,6666430920,0.477660000,1230668708,67218415,5.461942322,21.109394810,67218415,7896445,11.747443018,2.479814127,7896445,/home/peppasmich/NTUA-Advanced_Computer_Architecture/exercises/2nd/benchmarks/4.2/raw/403.gcc/L2_2048KB_A16_B64.out,/home/peppasmich/NTUA-Advanced_Computer_Architecture/exercises/2nd/benchmarks/4.2/logs/403.gcc/L2_2048KB_A16_B64.stdout.txt,/home/peppasmich/NTUA-Advanced_Computer_Architecture/exercises/2nd/benchmarks/4.2/logs/403.gcc/L2_2048KB_A16_B64.stderr.txt
429.mcf,L2_2048KB_A16_B64,32,4,32,2048,16,64,18199707639,322996197491,0.056346500,8233779532,3174435732,38.553810187,174.422347598,3174435732,1324091765,41.711090625,72.753463477,1324091765,/home/peppasmich/NTUA-Advanced_Computer_Architecture/exercises/2nd/benchmarks/4.2/raw/429.mcf/L2_2048KB_A16_B64.out,/home/peppasmich/NTUA-Advanced_Computer_Architecture/exercises/2nd/benchmarks/4.2/logs/429.mcf/L2_2048KB_A16_B64.stdout.txt,/home/peppasmich/NTUA-Advanced_Computer_Architecture/exercises/2nd/benchmarks/4.2/logs/429.mcf/L2_2048KB_A16_B64.stderr.txt
433.milc,L2_2048KB_A16_B64,32,4,32,2048,16,64,38323369761,207828106376,0.184399000,13220705195,1388927782,10.505701182,36.242318738,1388927782,711973768,51.260675841,18.578057526,711973768,/home/peppasmich/NTUA-Advanced_Computer_Architecture/exercises/2nd/benchmarks/4.2/raw/433.milc/L2_2048KB_A16_B64.out,/home/peppasmich/NTUA-Advanced_Computer_Architecture/exercises/2nd/benchmarks/4.2/logs/433.milc/L2_2048KB_A16_B64.stdout.txt,/home/peppasmich/NTUA-Advanced_Computer_Architecture/exercises/2nd/benchmarks/4.2/logs/433.milc/L2_2048KB_A16_B64.stderr.txt
444.namd,L2_2048KB_A16_B64,32,4,32,2048,16,64,60533959253,85209311149,0.710415000,17653017226,589016467,3.336633389,9.730347631,589016467,5660850,0.961068207,0.093515278,5660850,/home/peppasmich/NTUA-Advanced_Computer_Architecture/exercises/2nd/benchmarks/4.2/raw/444.namd/L2_2048KB_A16_B64.out,/home/peppasmich/NTUA-Advanced_Computer_Architecture/exercises/2nd/benchmarks/4.2/logs/444.namd/L2_2048KB_A16_B64.stdout.txt,/home/peppasmich/NTUA-Advanced_Computer_Architecture/exercises/2nd/benchmarks/4.2/logs/444.namd/L2_2048KB_A16_B64.stderr.txt
450.soplex,L2_2048KB_A16_B64,32,4,32,2048,16,64,7441858701,43967030769,0.169260000,2639713568,386505170,14.641935954,51.936644530,386505170,150102034,38.835711822,20.169965600,150102034,/home/peppasmich/NTUA-Advanced_Computer_Architecture/exercises/2nd/benchmarks/4.2/raw/450.soplex/L2_2048KB_A16_B64.out,/home/peppasmich/NTUA-Advanced_Computer_Architecture/exercises/2nd/benchmarks/4.2/logs/450.soplex/L2_2048KB_A16_B64.stdout.txt,/home/peppasmich/NTUA-Advanced_Computer_Architecture/exercises/2nd/benchmarks/4.2/logs/450.soplex/L2_2048KB_A16_B64.stderr.txt
459.GemsFDTD,L2_2048KB_A16_B64,32,4,32,2048,16,64,108786994867,729505476578,0.149124000,44379576341,6373212257,14.360687466,58.584321267,6373212257,2563033914,40.215731261,23.560113202,2563033914,/home/peppasmich/NTUA-Advanced_Computer_Architecture/exercises/2nd/benchmarks/4.2/raw/459.GemsFDTD/L2_2048KB_A16_B64.out,/home/peppasmich/NTUA-Advanced_Computer_Architecture/exercises/2nd/benchmarks/4.2/logs/459.GemsFDTD/L2_2048KB_A16_B64.stdout.txt,/home/peppasmich/NTUA-Advanced_Computer_Architecture/exercises/2nd/benchmarks/4.2/logs/459.GemsFDTD/L2_2048KB_A16_B64.stderr.txt
470.lbm,L2_2048KB_A16_B64,32,4,32,2048,16,64,96483401448,1006326499084,0.095876800,31930116806,8340526123,26.121188888,86.445191586,8340526123,3972538598,47.629352626,41.173285129,3972538598,/home/peppasmich/NTUA-Advanced_Computer_Architecture/exercises/2nd/benchmarks/4.2/raw/470.lbm/L2_2048KB_A16_B64.out,/home/peppasmich/NTUA-Advanced_Computer_Architecture/exercises/2nd/benchmarks/4.2/logs/470.lbm/L2_2048KB_A16_B64.stdout.txt,/home/peppasmich/NTUA-Advanced_Computer_Architecture/exercises/2nd/benchmarks/4.2/logs/470.lbm/L2_2048KB_A16_B64.stderr.txt
403.gcc,L2_256KB_A4_B128,32,4,32,256,4,128,3184138372,8030658431,0.396498000,1230624899,67287956,5.467787630,21.132233634,67287956,14715078,21.868814086,4.621368886,14715078,/home/peppasmich/NTUA-Advanced_Computer_Architecture/exercises/2nd/benchmarks/4.2/raw/403.gcc/L2_256KB_A4_B128.out,/home/peppasmich/NTUA-Advanced_Computer_Architecture/exercises/2nd/benchmarks/4.2/logs/403.gcc/L2_256KB_A4_B128.stdout.txt,/home/peppasmich/NTUA-Advanced_Computer_Architecture/exercises/2nd/benchmarks/4.2/logs/403.gcc/L2_256KB_A4_B128.stderr.txt
429.mcf,L2_256KB_A4_B128,32,4,32,256,4,128,18199707639,380840606141,0.047788300,8233779532,3180560617,38.628197472,174.758885147,3180560617,1613007564,50.714567595,88.628212936,1613007564,/home/peppasmich/NTUA-Advanced_Computer_Architecture/exercises/2nd/benchmarks/4.2/raw/429.mcf/L2_256KB_A4_B128.out,/home/peppasmich/NTUA-Advanced_Computer_Architecture/exercises/2nd/benchmarks/4.2/logs/429.mcf/L2_256KB_A4_B128.stdout.txt,/home/peppasmich/NTUA-Advanced_Computer_Architecture/exercises/2nd/benchmarks/4.2/logs/429.mcf/L2_256KB_A4_B128.stderr.txt
433.milc,L2_256KB_A4_B128,32,4,32,256,4,128,38323369696,162335840477,0.236075000,13220705181,1391000520,10.521379162,36.296404284,1391000520,484408802,34.824487485,12.640036767,484408802,/home/peppasmich/NTUA-Advanced_Computer_Architecture/exercises/2nd/benchmarks/4.2/raw/433.milc/L2_256KB_A4_B128.out,/home/peppasmich/NTUA-Advanced_Computer_Architecture/exercises/2nd/benchmarks/4.2/logs/433.milc/L2_256KB_A4_B128.stdout.txt,/home/peppasmich/NTUA-Advanced_Computer_Architecture/exercises/2nd/benchmarks/4.2/logs/433.milc/L2_256KB_A4_B128.stderr.txt
444.namd,L2_256KB_A4_B128,32,4,32,256,4,128,60533959272,85356783236,0.709187000,17653017154,587300641,3.326913671,9.702002778,587300641,6484002,1.104034552,0.107113463,6484002,/home/peppasmich/NTUA-Advanced_Computer_Architecture/exercises/2nd/benchmarks/4.2/raw/444.namd/L2_256KB_A4_B128.out,/home/peppasmich/NTUA-Advanced_Computer_Architecture/exercises/2nd/benchmarks/4.2/logs/444.namd/L2_256KB_A4_B128.stdout.txt,/home/peppasmich/NTUA-Advanced_Computer_Architecture/exercises/2nd/benchmarks/4.2/logs/444.namd/L2_256KB_A4_B128.stderr.txt
450.soplex,L2_256KB_A4_B128,32,4,32,256,4,128,7435997413,35351526356,0.210344000,2638558373,386681777,14.655039697,52.001332911,386681777,107050764,27.684460548,14.396288494,107050764,/home/peppasmich/NTUA-Advanced_Computer_Architecture/exercises/2nd/benchmarks/4.2/raw/450.soplex/L2_256KB_A4_B128.out,/home/peppasmich/NTUA-Advanced_Computer_Architecture/exercises/2nd/benchmarks/4.2/logs/450.soplex/L2_256KB_A4_B128.stdout.txt,/home/peppasmich/NTUA-Advanced_Computer_Architecture/exercises/2nd/benchmarks/4.2/logs/450.soplex/L2_256KB_A4_B128.stderr.txt
459.GemsFDTD,L2_256KB_A4_B128,32,4,32,256,4,128,108786994771,616798750244,0.176374000,44379576293,6380071698,14.376143783,58.647375189,6380071698,1999157311,31.334401957,18.376804279,1999157311,/home/peppasmich/NTUA-Advanced_Computer_Architecture/exercises/2nd/benchmarks/4.2/raw/459.GemsFDTD/L2_256KB_A4_B128.out,/home/peppasmich/NTUA-Advanced_Computer_Architecture/exercises/2nd/benchmarks/4.2/logs/459.GemsFDTD/L2_256KB_A4_B128.stdout.txt,/home/peppasmich/NTUA-Advanced_Computer_Architecture/exercises/2nd/benchmarks/4.2/logs/459.GemsFDTD/L2_256KB_A4_B128.stderr.txt
470.lbm,L2_256KB_A4_B128,32,4,32,256,4,128,96483401448,609918309404,0.158191000,31930116806,8347020015,26.141526715,86.512497380,8347020015,1990172955,23.842915812,20.627101917,1990172955,/home/peppasmich/NTUA-Advanced_Computer_Architecture/exercises/2nd/benchmarks/4.2/raw/470.lbm/L2_256KB_A4_B128.out,/home/peppasmich/NTUA-Advanced_Computer_Architecture/exercises/2nd/benchmarks/4.2/logs/470.lbm/L2_256KB_A4_B128.stdout.txt,/home/peppasmich/NTUA-Advanced_Computer_Architecture/exercises/2nd/benchmarks/4.2/logs/470.lbm/L2_256KB_A4_B128.stderr.txt
403.gcc,L2_256KB_A4_B256,32,4,32,256,4,256,3184179360,7179531330,0.443508000,1230644780,67494439,5.484477739,21.196808147,67494439,10448814,15.480999849,3.281477837,10448814,/home/peppasmich/NTUA-Advanced_Computer_Architecture/exercises/2nd/benchmarks/4.2/raw/403.gcc/L2_256KB_A4_B256.out,/home/peppasmich/NTUA-Advanced_Computer_Architecture/exercises/2nd/benchmarks/4.2/logs/403.gcc/L2_256KB_A4_B256.stdout.txt,/home/peppasmich/NTUA-Advanced_Computer_Architecture/exercises/2nd/benchmarks/4.2/logs/403.gcc/L2_256KB_A4_B256.stderr.txt
429.mcf,L2_256KB_A4_B256,32,4,32,256,4,256,18199707639,286816390611,0.063454200,8233779532,3201229704,38.879225410,175.894567512,3201229704,1141853032,35.669200201,62.740185428,1141853032,/home/peppasmich/NTUA-Advanced_Computer_Architecture/exercises/2nd/benchmarks/4.2/raw/429.mcf/L2_256KB_A4_B256.out,/home/peppasmich/NTUA-Advanced_Computer_Architecture/exercises/2nd/benchmarks/4.2/logs/429.mcf/L2_256KB_A4_B256.stdout.txt,/home/peppasmich/NTUA-Advanced_Computer_Architecture/exercises/2nd/benchmarks/4.2/logs/429.mcf/L2_256KB_A4_B256.stderr.txt
433.milc,L2_256KB_A4_B256,32,4,32,256,4,256,38323369696,135594178787,0.282633000,13220705181,1391200171,10.522889301,36.301613925,1391200171,350690511,25.207767963,9.150826605,350690511,/home/peppasmich/NTUA-Advanced_Computer_Architecture/exercises/2nd/benchmarks/4.2/raw/433.milc/L2_256KB_A4_B256.out,/home/peppasmich/NTUA-Advanced_Computer_Architecture/exercises/2nd/benchmarks/4.2/logs/433.milc/L2_256KB_A4_B256.stdout.txt,/home/peppasmich/NTUA-Advanced_Computer_Architecture/exercises/2nd/benchmarks/4.2/logs/433.milc/L2_256KB_A4_B256.stderr.txt
444.namd,L2_256KB_A4_B256,32,4,32,256,4,256,60533959251,84830492997,0.713587000,17653017226,586635732,3.323147111,9.691018715,586635732,3885796,0.662386518,0.064192001,3885796,/home/peppasmich/NTUA-Advanced_Computer_Architecture/exercises/2nd/benchmarks/4.2/raw/444.namd/L2_256KB_A4_B256.out,/home/peppasmich/NTUA-Advanced_Computer_Architecture/exercises/2nd/benchmarks/4.2/logs/444.namd/L2_256KB_A4_B256.stdout.txt,/home/peppasmich/NTUA-Advanced_Computer_Architecture/exercises/2nd/benchmarks/4.2/logs/444.namd/L2_256KB_A4_B256.stderr.txt
450.soplex,L2_256KB_A4_B256,32,4,32,256,4,256,7451279276,26076974336,0.285742000,2641234940,386796232,14.644522005,51.910043588,386796232,60582489,15.662636807,8.130481593,60582489,/home/peppasmich/NTUA-Advanced_Computer_Architecture/exercises/2nd/benchmarks/4.2/raw/450.soplex/L2_256KB_A4_B256.out,/home/peppasmich/NTUA-Advanced_Computer_Architecture/exercises/2nd/benchmarks/4.2/logs/450.soplex/L2_256KB_A4_B256.stdout.txt,/home/peppasmich/NTUA-Advanced_Computer_Architecture/exercises/2nd/benchmarks/4.2/logs/450.soplex/L2_256KB_A4_B256.stderr.txt
459.GemsFDTD,L2_256KB_A4_B256,32,4,32,256,4,256,108786995069,546131280410,0.199196000,44379576441,6393130070,14.405568017,58.767411178,6393130070,1645167041,25.733357886,15.122828238,1645167041,/home/peppasmich/NTUA-Advanced_Computer_Architecture/exercises/2nd/benchmarks/4.2/raw/459.GemsFDTD/L2_256KB_A4_B256.out,/home/peppasmich/NTUA-Advanced_Computer_Architecture/exercises/2nd/benchmarks/4.2/logs/459.GemsFDTD/L2_256KB_A4_B256.stdout.txt,/home/peppasmich/NTUA-Advanced_Computer_Architecture/exercises/2nd/benchmarks/4.2/logs/459.GemsFDTD/L2_256KB_A4_B256.stderr.txt
470.lbm,L2_256KB_A4_B256,32,4,32,256,4,256,96483401448,411390102534,0.234530000,31930116806,8348074868,26.144830345,86.523430380,8348074868,997479178,11.948613228,10.338350048,997479178,/home/peppasmich/NTUA-Advanced_Computer_Architecture/exercises/2nd/benchmarks/4.2/raw/470.lbm/L2_256KB_A4_B256.out,/home/peppasmich/NTUA-Advanced_Computer_Architecture/exercises/2nd/benchmarks/4.2/logs/470.lbm/L2_256KB_A4_B256.stdout.txt,/home/peppasmich/NTUA-Advanced_Computer_Architecture/exercises/2nd/benchmarks/4.2/logs/470.lbm/L2_256KB_A4_B256.stderr.txt
403.gcc,L2_256KB_A4_B64,32,4,32,256,4,64,3184379634,8876002279,0.358763000,1230700315,67727313,5.503152325,21.268605124,67727313,18918246,27.932964061,5.940951826,18918246,/home/peppasmich/NTUA-Advanced_Computer_Architecture/exercises/2nd/benchmarks/4.2/raw/403.gcc/L2_256KB_A4_B64.out,/home/peppasmich/NTUA-Advanced_Computer_Architecture/exercises/2nd/benchmarks/4.2/logs/403.gcc/L2_256KB_A4_B64.stdout.txt,/home/peppasmich/NTUA-Advanced_Computer_Architecture/exercises/2nd/benchmarks/4.2/logs/403.gcc/L2_256KB_A4_B64.stderr.txt
429.mcf,L2_256KB_A4_B64,32,4,32,256,4,64,18199707639,510812591581,0.035628900,8233779532,3175956541,38.572280551,174.505909875,3175956541,2263097695,71.257199706,124.348024699,2263097695,/home/peppasmich/NTUA-Advanced_Computer_Architecture/exercises/2nd/benchmarks/4.2/raw/429.mcf/L2_256KB_A4_B64.out,/home/peppasmich/NTUA-Advanced_Computer_Architecture/exercises/2nd/benchmarks/4.2/logs/429.mcf/L2_256KB_A4_B64.stdout.txt,/home/peppasmich/NTUA-Advanced_Computer_Architecture/exercises/2nd/benchmarks/4.2/logs/429.mcf/L2_256KB_A4_B64.stderr.txt
433.milc,L2_256KB_A4_B64,32,4,32,256,4,64,38323369696,222483092667,0.172253000,13220705181,1389800479,10.512302180,36.265090727,1389800479,785205065,56.497682715,20.488935895,785205065,/home/peppasmich/NTUA-Advanced_Computer_Architecture/exercises/2nd/benchmarks/4.2/raw/433.milc/L2_256KB_A4_B64.out,/home/peppasmich/NTUA-Advanced_Computer_Architecture/exercises/2nd/benchmarks/4.2/logs/433.milc/L2_256KB_A4_B64.stdout.txt,/home/peppasmich/NTUA-Advanced_Computer_Architecture/exercises/2nd/benchmarks/4.2/logs/433.milc/L2_256KB_A4_B64.stderr.txt
444.namd,L2_256KB_A4_B64,32,4,32,256,4,64,60533958060,86423459622,0.700434000,17653017032,598079093,3.387970974,9.880059262,598079093,11278468,1.885782020,0.186316381,11278468,/home/peppasmich/NTUA-Advanced_Computer_Architecture/exercises/2nd/benchmarks/4.2/raw/444.namd/L2_256KB_A4_B64.out,/home/peppasmich/NTUA-Advanced_Computer_Architecture/exercises/2nd/benchmarks/4.2/logs/444.namd/L2_256KB_A4_B64.stdout.txt,/home/peppasmich/NTUA-Advanced_Computer_Architecture/exercises/2nd/benchmarks/4.2/logs/444.namd/L2_256KB_A4_B64.stderr.txt
450.soplex,L2_256KB_A4_B64,32,4,32,256,4,64,7449087363,53028170984,0.140474000,2641092091,386670613,14.640557757,51.908454574,386670613,195356427,50.522698243,26.225551867,195356427,/home/peppasmich/NTUA-Advanced_Computer_Architecture/exercises/2nd/benchmarks/4.2/raw/450.soplex/L2_256KB_A4_B64.out,/home/peppasmich/NTUA-Advanced_Computer_Architecture/exercises/2nd/benchmarks/4.2/logs/450.soplex/L2_256KB_A4_B64.stdout.txt,/home/peppasmich/NTUA-Advanced_Computer_Architecture/exercises/2nd/benchmarks/4.2/logs/450.soplex/L2_256KB_A4_B64.stderr.txt
459.GemsFDTD,L2_256KB_A4_B64,32,4,32,256,4,64,108786994867,781316853828,0.139235000,44379576341,6376270442,14.367578440,58.612432946,6376270442,2821937891,44.256872676,25.940029821,2821937891,/home/peppasmich/NTUA-Advanced_Computer_Architecture/exercises/2nd/benchmarks/4.2/raw/459.GemsFDTD/L2_256KB_A4_B64.out,/home/peppasmich/NTUA-Advanced_Computer_Architecture/exercises/2nd/benchmarks/4.2/logs/459.GemsFDTD/L2_256KB_A4_B64.stdout.txt,/home/peppasmich/NTUA-Advanced_Computer_Architecture/exercises/2nd/benchmarks/4.2/logs/459.GemsFDTD/L2_256KB_A4_B64.stderr.txt
470.lbm,L2_256KB_A4_B64,32,4,32,256,4,64,96483401448,1007453311684,0.095769600,31930116806,8345750383,26.137550431,86.499338308,8345750383,3977911448,47.663915951,41.228971909,3977911448,/home/peppasmich/NTUA-Advanced_Computer_Architecture/exercises/2nd/benchmarks/4.2/raw/470.lbm/L2_256KB_A4_B64.out,/home/peppasmich/NTUA-Advanced_Computer_Architecture/exercises/2nd/benchmarks/4.2/logs/470.lbm/L2_256KB_A4_B64.stdout.txt,/home/peppasmich/NTUA-Advanced_Computer_Architecture/exercises/2nd/benchmarks/4.2/logs/470.lbm/L2_256KB_A4_B64.stderr.txt
403.gcc,L2_512KB_A16_B128,32,4,32,512,16,128,3184196153,7285953773,0.437032000,1230644770,67410625,5.477667207,21.170374487,67410625,10985033,16.295699676,3.449860647,10985033,/home/peppasmich/NTUA-Advanced_Computer_Architecture/exercises/2nd/benchmarks/4.2/raw/403.gcc/L2_512KB_A16_B128.out,/home/peppasmich/NTUA-Advanced_Computer_Architecture/exercises/2nd/benchmarks/4.2/logs/403.gcc/L2_512KB_A16_B128.stdout.txt,/home/peppasmich/NTUA-Advanced_Computer_Architecture/exercises/2nd/benchmarks/4.2/logs/403.gcc/L2_512KB_A16_B128.stderr.txt
429.mcf,L2_512KB_A16_B128,32,4,32,512,16,128,18199707639,351141238471,0.051830200,8233779532,3175070230,38.561516223,174.457210686,3175070230,1464785245,46.133947878,80.483998647,1464785245,/home/peppasmich/NTUA-Advanced_Computer_Architecture/exercises/2nd/benchmarks/4.2/raw/429.mcf/L2_512KB_A16_B128.out,/home/peppasmich/NTUA-Advanced_Computer_Architecture/exercises/2nd/benchmarks/4.2/logs/429.mcf/L2_512KB_A16_B128.stdout.txt,/home/peppasmich/NTUA-Advanced_Computer_Architecture/exercises/2nd/benchmarks/4.2/logs/429.mcf/L2_512KB_A16_B128.stderr.txt
433.milc,L2_512KB_A16_B128,32,4,32,512,16,128,38323370689,161823546194,0.236822000,13220705395,1389201191,10.507769060,36.249452123,1389201191,481937291,34.691684266,12.575545479,481937291,/home/peppasmich/NTUA-Advanced_Computer_Architecture/exercises/2nd/benchmarks/4.2/raw/433.milc/L2_512KB_A16_B128.out,/home/peppasmich/NTUA-Advanced_Computer_Architecture/exercises/2nd/benchmarks/4.2/logs/433.milc/L2_512KB_A16_B128.stdout.txt,/home/peppasmich/NTUA-Advanced_Computer_Architecture/exercises/2nd/benchmarks/4.2/logs/433.milc/L2_512KB_A16_B128.stderr.txt
444.namd,L2_512KB_A16_B128,32,4,32,512,16,128,60533960379,85021777913,0.711982000,17653017444,586002969,3.319562624,9.680565510,586002969,4873852,0.831711144,0.080514342,4873852,/home/peppasmich/NTUA-Advanced_Computer_Architecture/exercises/2nd/benchmarks/4.2/raw/444.namd/L2_512KB_A16_B128.out,/home/peppasmich/NTUA-Advanced_Computer_Architecture/exercises/2nd/benchmarks/4.2/logs/444.namd/L2_512KB_A16_B128.stdout.txt,/home/peppasmich/NTUA-Advanced_Computer_Architecture/exercises/2nd/benchmarks/4.2/logs/444.namd/L2_512KB_A16_B128.stderr.txt
450.soplex,L2_512KB_A16_B128,32,4,32,512,16,128,7435788179,33736010802,0.220411000,2638551313,386509111,14.648534940,51.979575224,386509111,98982901,25.609461248,13.311689174,98982901,/home/peppasmich/NTUA-Advanced_Computer_Architecture/exercises/2nd/benchmarks/4.2/raw/450.soplex/L2_512KB_A16_B128.out,/home/peppasmich/NTUA-Advanced_Computer_Architecture/exercises/2nd/benchmarks/4.2/logs/450.soplex/L2_512KB_A16_B128.stdout.txt,/home/peppasmich/NTUA-Advanced_Computer_Architecture/exercises/2nd/benchmarks/4.2/logs/450.soplex/L2_512KB_A16_B128.stderr.txt
459.GemsFDTD,L2_512KB_A16_B128,32,4,32,512,16,128,108786994867,520071741678,0.209177000,44379576341,6373336987,14.360968519,58.585467820,6373336987,1515859003,23.784384948,13.934193190,1515859003,/home/peppasmich/NTUA-Advanced_Computer_Architecture/exercises/2nd/benchmarks/4.2/raw/459.GemsFDTD/L2_512KB_A16_B128.out,/home/peppasmich/NTUA-Advanced_Computer_Architecture/exercises/2nd/benchmarks/4.2/logs/459.GemsFDTD/L2_512KB_A16_B128.stdout.txt,/home/peppasmich/NTUA-Advanced_Computer_Architecture/exercises/2nd/benchmarks/4.2/logs/459.GemsFDTD/L2_512KB_A16_B128.stderr.txt
470.lbm,L2_512KB_A16_B128,32,4,32,512,16,128,96483401448,609395867064,0.158326000,31930116806,8341979481,26.125740572,86.460254881,8341979481,1987812770,23.829029723,20.602639834,1987812770,/home/peppasmich/NTUA-Advanced_Computer_Architecture/exercises/2nd/benchmarks/4.2/raw/470.lbm/L2_512KB_A16_B128.out,/home/peppasmich/NTUA-Advanced_Computer_Architecture/exercises/2nd/benchmarks/4.2/logs/470.lbm/L2_512KB_A16_B128.stdout.txt,/home/peppasmich/NTUA-Advanced_Computer_Architecture/exercises/2nd/benchmarks/4.2/logs/470.lbm/L2_512KB_A16_B128.stderr.txt
403.gcc,L2_512KB_A16_B256,32,4,32,512,16,256,3184274742,6648050062,0.478979000,1230662280,67695684,5.500752327,21.259372851,67695684,7780781,11.493762291,2.443501780,7780781,/home/peppasmich/NTUA-Advanced_Computer_Architecture/exercises/2nd/benchmarks/4.2/raw/403.gcc/L2_512KB_A16_B256.out,/home/peppasmich/NTUA-Advanced_Computer_Architecture/exercises/2nd/benchmarks/4.2/logs/403.gcc/L2_512KB_A16_B256.stdout.txt,/home/peppasmich/NTUA-Advanced_Computer_Architecture/exercises/2nd/benchmarks/4.2/logs/403.gcc/L2_512KB_A16_B256.stderr.txt
429.mcf,L2_512KB_A16_B256,32,4,32,512,16,256,18199707639,238564689311,0.076288400,8233779532,3175317954,38.564524853,174.470822113,3175317954,901890113,28.403143435,49.555197858,901890113,/home/peppasmich/NTUA-Advanced_Computer_Architecture/exercises/2nd/benchmarks/4.2/raw/429.mcf/L2_512KB_A16_B256.out,/home/peppasmich/NTUA-Advanced_Computer_Architecture/exercises/2nd/benchmarks/4.2/logs/429.mcf/L2_512KB_A16_B256.stdout.txt,/home/peppasmich/NTUA-Advanced_Computer_Architecture/exercises/2nd/benchmarks/4.2/logs/429.mcf/L2_512KB_A16_B256.stderr.txt
433.milc,L2_512KB_A16_B256,32,4,32,512,16,256,38323369696,135214897217,0.283426000,13220705181,1390033314,10.514063319,36.271166263,1390033314,348852446,25.096696783,9.102864617,348852446,/home/peppasmich/NTUA-Advanced_Computer_Architecture/exercises/2nd/benchmarks/4.2/raw/433.milc/L2_512KB_A16_B256.out,/home/peppasmich/NTUA-Advanced_Computer_Architecture/exercises/2nd/benchmarks/4.2/logs/433.milc/L2_512KB_A16_B256.stdout.txt,/home/peppasmich/NTUA-Advanced_Computer_Architecture/exercises/2nd/benchmarks/4.2/logs/433.milc/L2_512KB_A16_B256.stderr.txt
444.namd,L2_512KB_A16_B256,32,4,32,512,16,256,60533958310,84724338914,0.714481000,17653017094,600273591,3.400402253,9.916311567,600273591,2673138,0.445319941,0.044159313,2673138,/home/peppasmich/NTUA-Advanced_Computer_Architecture/exercises/2nd/benchmarks/4.2/raw/444.namd/L2_512KB_A16_B256.out,/home/peppasmich/NTUA-Advanced_Computer_Architecture/exercises/2nd/benchmarks/4.2/logs/444.namd/L2_512KB_A16_B256.stdout.txt,/home/peppasmich/NTUA-Advanced_Computer_Architecture/exercises/2nd/benchmarks/4.2/logs/444.namd/L2_512KB_A16_B256.stderr.txt
450.soplex,L2_512KB_A16_B256,32,4,32,512,16,256,7439264596,24596436402,0.302453000,2639213826,386595678,14.648137797,51.966921328,386595678,53260006,13.776668760,7.159310616,53260006,/home/peppasmich/NTUA-Advanced_Computer_Architecture/exercises/2nd/benchmarks/4.2/raw/450.soplex/L2_512KB_A16_B256.out,/home/peppasmich/NTUA-Advanced_Computer_Architecture/exercises/2nd/benchmarks/4.2/logs/450.soplex/L2_512KB_A16_B256.stdout.txt,/home/peppasmich/NTUA-Advanced_Computer_Architecture/exercises/2nd/benchmarks/4.2/logs/450.soplex/L2_512KB_A16_B256.stderr.txt
459.GemsFDTD,L2_512KB_A16_B256,32,4,32,512,16,256,108786995069,466388463210,0.233254000,44379576441,6378027590,14.371537769,58.628585025,6378027590,1247208079,19.554761427,11.464679930,1247208079,/home/peppasmich/NTUA-Advanced_Computer_Architecture/exercises/2nd/benchmarks/4.2/raw/459.GemsFDTD/L2_512KB_A16_B256.out,/home/peppasmich/NTUA-Advanced_Computer_Architecture/exercises/2nd/benchmarks/4.2/logs/459.GemsFDTD/L2_512KB_A16_B256.stdout.txt,/home/peppasmich/NTUA-Advanced_Computer_Architecture/exercises/2nd/benchmarks/4.2/logs/459.GemsFDTD/L2_512KB_A16_B256.stderr.txt
470.lbm,L2_512KB_A16_B256,32,4,32,512,16,256,96483401448,410767437234,0.234886000,31930116806,8342146838,26.126264707,86.461989449,8342146838,994662253,11.923336670,10.309154094,994662253,/home/peppasmich/NTUA-Advanced_Computer_Architecture/exercises/2nd/benchmarks/4.2/raw/470.lbm/L2_512KB_A16_B256.out,/home/peppasmich/NTUA-Advanced_Computer_Architecture/exercises/2nd/benchmarks/4.2/logs/470.lbm/L2_512KB_A16_B256.stdout.txt,/home/peppasmich/NTUA-Advanced_Computer_Architecture/exercises/2nd/benchmarks/4.2/logs/470.lbm/L2_512KB_A16_B256.stderr.txt
403.gcc,L2_512KB_A16_B64,32,4,32,512,16,64,3184096230,7960603957,0.399982000,1230606397,67291393,5.468149131,21.133592749,67291393,14364937,21.347361616,4.511464467,14364937,/home/peppasmich/NTUA-Advanced_Computer_Architecture/exercises/2nd/benchmarks/4.2/raw/403.gcc/L2_512KB_A16_B64.out,/home/peppasmich/NTUA-Advanced_Computer_Architecture/exercises/2nd/benchmarks/4.2/logs/403.gcc/L2_512KB_A16_B64.stdout.txt,/home/peppasmich/NTUA-Advanced_Computer_Architecture/exercises/2nd/benchmarks/4.2/logs/403.gcc/L2_512KB_A16_B64.stderr.txt
429.mcf,L2_512KB_A16_B64,32,4,32,512,16,64,18199707639,485080748951,0.037518900,8233779532,3174821258,38.558492435,174.443530686,3174821258,2134495246,67.231981663,117.281842562,2134495246,/home/peppasmich/NTUA-Advanced_Computer_Architecture/exercises/2nd/benchmarks/4.2/raw/429.mcf/L2_512KB_A16_B64.out,/home/peppasmich/NTUA-Advanced_Computer_Architecture/exercises/2nd/benchmarks/4.2/logs/429.mcf/L2_512KB_A16_B64.stdout.txt,/home/peppasmich/NTUA-Advanced_Computer_Architecture/exercises/2nd/benchmarks/4.2/logs/429.mcf/L2_512KB_A16_B64.stderr.txt
433.milc,L2_512KB_A16_B64,32,4,32,512,16,64,38323369696,221868449057,0.172730000,13220705181,1389458298,10.509713960,36.256161946,1389458298,782148956,56.291646689,20.409190585,782148956,/home/peppasmich/NTUA-Advanced_Computer_Architecture/exercises/2nd/benchmarks/4.2/raw/433.milc/L2_512KB_A16_B64.out,/home/peppasmich/NTUA-Advanced_Computer_Architecture/exercises/2nd/benchmarks/4.2/logs/433.milc/L2_512KB_A16_B64.stdout.txt,/home/peppasmich/NTUA-Advanced_Computer_Architecture/exercises/2nd/benchmarks/4.2/logs/433.milc/L2_512KB_A16_B64.stderr.txt
444.namd,L2_512KB_A16_B64,32,4,32,512,16,64,60533958647,85844929341,0.705155000,17653017154,586272634,3.321090264,9.685020559,586272634,8976136,1.531051507,0.148282653,8976136,/home/peppasmich/NTUA-Advanced_Computer_Architecture/exercises/2nd/benchmarks/4.2/raw/444.namd/L2_512KB_A16_B64.out,/home/peppasmich/NTUA-Advanced_Computer_Architecture/exercises/2nd/benchmarks/4.2/logs/444.namd/L2_512KB_A16_B64.stdout.txt,/home/peppasmich/NTUA-Advanced_Computer_Architecture/exercises/2nd/benchmarks/4.2/logs/444.namd/L2_512KB_A16_B64.stderr.txt
450.soplex,L2_512KB_A16_B64,32,4,32,512,16,64,7435340335,51042655783,0.145669000,2638334898,386517575,14.650057326,51.983844395,386517575,185519024,47.997564923,24.950979463,185519024,/home/peppasmich/NTUA-Advanced_Computer_Architecture/exercises/2nd/benchmarks/4.2/raw/450.soplex/L2_512KB_A16_B64.out,/home/peppasmich/NTUA-Advanced_Computer_Architecture/exercises/2nd/benchmarks/4.2/logs/450.soplex/L2_512KB_A16_B64.stdout.txt,/home/peppasmich/NTUA-Advanced_Computer_Architecture/exercises/2nd/benchmarks/4.2/logs/450.soplex/L2_512KB_A16_B64.stderr.txt
459.GemsFDTD,L2_512KB_A16_B64,32,4,32,512,16,64,108786994867,745945255688,0.145838000,44379576341,6373448348,14.361219447,58.586491481,6373448348,2645221005,41.503764690,24.315599564,2645221005,/home/peppasmich/NTUA-Advanced_Computer_Architecture/exercises/2nd/benchmarks/4.2/raw/459.GemsFDTD/L2_512KB_A16_B64.out,/home/peppasmich/NTUA-Advanced_Computer_Architecture/exercises/2nd/benchmarks/4.2/logs/459.GemsFDTD/L2_512KB_A16_B64.stdout.txt,/home/peppasmich/NTUA-Advanced_Computer_Architecture/exercises/2nd/benchmarks/4.2/logs/459.GemsFDTD/L2_512KB_A16_B64.stderr.txt
470.lbm,L2_512KB_A16_B64,32,4,32,512,16,64,96483401448,1006549657294,0.095855600,31930116806,8341840724,26.125306007,86.458816737,8341840724,3973588659,47.634434539,41.184168462,3973588659,/home/peppasmich/NTUA-Advanced_Computer_Architecture/exercises/2nd/benchmarks/4.2/raw/470.lbm/L2_512KB_A16_B64.out,/home/peppasmich/NTUA-Advanced_Computer_Architecture/exercises/2nd/benchmarks/4.2/logs/470.lbm/L2_512KB_A16_B64.stdout.txt,/home/peppasmich/NTUA-Advanced_Computer_Architecture/exercises/2nd/benchmarks/4.2/logs/470.lbm/L2_512KB_A16_B64.stderr.txt
403.gcc,L2_512KB_A4_B128,32,4,32,512,4,128,3184312459,7354787985,0.432958000,1230675786,67030634,5.446652543,21.050269050,67030634,11347467,16.928777669,3.563553246,11347467,/home/peppasmich/NTUA-Advanced_Computer_Architecture/exercises/2nd/benchmarks/4.2/raw/403.gcc/L2_512KB_A4_B128.out,/home/peppasmich/NTUA-Advanced_Computer_Architecture/exercises/2nd/benchmarks/4.2/logs/403.gcc/L2_512KB_A4_B128.stdout.txt,/home/peppasmich/NTUA-Advanced_Computer_Architecture/exercises/2nd/benchmarks/4.2/logs/403.gcc/L2_512KB_A4_B128.stderr.txt
429.mcf,L2_512KB_A4_B128,32,4,32,512,4,128,18199707639,353281272121,0.051516200,8233779532,3175568875,38.567572312,174.484609203,3175568875,1475460481,46.462871349,81.070559498,1475460481,/home/peppasmich/NTUA-Advanced_Computer_Architecture/exercises/2nd/benchmarks/4.2/raw/429.mcf/L2_512KB_A4_B128.out,/home/peppasmich/NTUA-Advanced_Computer_Architecture/exercises/2nd/benchmarks/4.2/logs/429.mcf/L2_512KB_A4_B128.stdout.txt,/home/peppasmich/NTUA-Advanced_Computer_Architecture/exercises/2nd/benchmarks/4.2/logs/429.mcf/L2_512KB_A4_B128.stderr.txt
433.milc,L2_512KB_A4_B128,32,4,32,512,4,128,38323369696,161847741587,0.236787000,13220705181,1389600551,10.510789946,36.259873858,1389600551,482038306,34.688983511,12.578181664,482038306,/home/peppasmich/NTUA-Advanced_Computer_Architecture/exercises/2nd/benchmarks/4.2/raw/433.milc/L2_512KB_A4_B128.out,/home/peppasmich/NTUA-Advanced_Computer_Architecture/exercises/2nd/benchmarks/4.2/logs/433.milc/L2_512KB_A4_B128.stdout.txt,/home/peppasmich/NTUA-Advanced_Computer_Architecture/exercises/2nd/benchmarks/4.2/logs/433.milc/L2_512KB_A4_B128.stderr.txt
444.namd,L2_512KB_A4_B128,32,4,32,512,4,128,60533961407,85053984595,0.711712000,17653017468,588517332,3.333805867,9.722101748,588517332,4909162,0.834157591,0.081097650,4909162,/home/peppasmich/NTUA-Advanced_Computer_Architecture/exercises/2nd/benchmarks/4.2/raw/444.namd/L2_512KB_A4_B128.out,/home/peppasmich/NTUA-Advanced_Computer_Architecture/exercises/2nd/benchmarks/4.2/logs/444.namd/L2_512KB_A4_B128.stdout.txt,/home/peppasmich/NTUA-Advanced_Computer_Architecture/exercises/2nd/benchmarks/4.2/logs/444.namd/L2_512KB_A4_B128.stderr.txt
450.soplex,L2_512KB_A4_B128,32,4,32,512,4,128,7437386543,33782503533,0.220155000,2638823010,386514598,14.647234640,51.969142086,386514598,99205740,25.666751143,13.338790370,99205740,/home/peppasmich/NTUA-Advanced_Computer_Architecture/exercises/2nd/benchmarks/4.2/raw/450.soplex/L2_512KB_A4_B128.out,/home/peppasmich/NTUA-Advanced_Computer_Architecture/exercises/2nd/benchmarks/4.2/logs/450.soplex/L2_512KB_A4_B128.stdout.txt,/home/peppasmich/NTUA-Advanced_Computer_Architecture/exercises/2nd/benchmarks/4.2/logs/450.soplex/L2_512KB_A4_B128.stderr.txt
459.GemsFDTD,L2_512KB_A4_B128,32,4,32,512,4,128,108786994867,542716380198,0.200449000,44379576341,6374332219,14.363211064,58.594616266,6374332219,1629032434,25.556126948,14.974514518,1629032434,/home/peppasmich/NTUA-Advanced_Computer_Architecture/exercises/2nd/benchmarks/4.2/raw/459.GemsFDTD/L2_512KB_A4_B128.out,/home/peppasmich/NTUA-Advanced_Computer_Architecture/exercises/2nd/benchmarks/4.2/logs/459.GemsFDTD/L2_512KB_A4_B128.stdout.txt,/home/peppasmich/NTUA-Advanced_Computer_Architecture/exercises/2nd/benchmarks/4.2/logs/459.GemsFDTD/L2_512KB_A4_B128.stderr.txt
470.lbm,L2_512KB_A4_B128,32,4,32,512,4,128,96483401448,609399997554,0.158325000,31930116806,8342523630,26.127444759,86.465894701,8342523630,1987806215,23.827396878,20.602571895,1987806215,/home/peppasmich/NTUA-Advanced_Computer_Architecture/exercises/2nd/benchmarks/4.2/raw/470.lbm/L2_512KB_A4_B128.out,/home/peppasmich/NTUA-Advanced_Computer_Architecture/exercises/2nd/benchmarks/4.2/logs/470.lbm/L2_512KB_A4_B128.stdout.txt,/home/peppasmich/NTUA-Advanced_Computer_Architecture/exercises/2nd/benchmarks/4.2/logs/470.lbm/L2_512KB_A4_B128.stderr.txt
403.gcc,L2_512KB_A4_B256,32,4,32,512,4,256,3184078125,6704841090,0.474892000,1230616315,67543925,5.488625835,21.213023785,67543925,8073537,11.953017240,2.535596390,8073537,/home/peppasmich/NTUA-Advanced_Computer_Architecture/exercises/2nd/benchmarks/4.2/raw/403.gcc/L2_512KB_A4_B256.out,/home/peppasmich/NTUA-Advanced_Computer_Architecture/exercises/2nd/benchmarks/4.2/logs/403.gcc/L2_512KB_A4_B256.stdout.txt,/home/peppasmich/NTUA-Advanced_Computer_Architecture/exercises/2nd/benchmarks/4.2/logs/403.gcc/L2_512KB_A4_B256.stderr.txt
429.mcf,L2_512KB_A4_B256,32,4,32,512,4,256,18199707639,245124048571,0.074246900,8233779532,3179819220,38.619193138,174.718148394,3179819220,934461846,29.387263280,51.344882266,934461846,/home/peppasmich/NTUA-Advanced_Computer_Architecture/exercises/2nd/benchmarks/4.2/raw/429.mcf/L2_512KB_A4_B256.out,/home/peppasmich/NTUA-Advanced_Computer_Architecture/exercises/2nd/benchmarks/4.2/logs/429.mcf/L2_512KB_A4_B256.stdout.txt,/home/peppasmich/NTUA-Advanced_Computer_Architecture/exercises/2nd/benchmarks/4.2/logs/429.mcf/L2_512KB_A4_B256.stderr.txt
433.milc,L2_512KB_A4_B256,32,4,32,512,4,256,38323369696,135194099087,0.283469000,13220705181,1389482761,10.509898995,36.256800277,1389482761,348775983,25.101137833,9.100869411,348775983,/home/peppasmich/NTUA-Advanced_Computer_Architecture/exercises/2nd/benchmarks/4.2/raw/433.milc/L2_512KB_A4_B256.out,/home/peppasmich/NTUA-Advanced_Computer_Architecture/exercises/2nd/benchmarks/4.2/logs/433.milc/L2_512KB_A4_B256.stdout.txt,/home/peppasmich/NTUA-Advanced_Computer_Architecture/exercises/2nd/benchmarks/4.2/logs/433.milc/L2_512KB_A4_B256.stderr.txt
444.namd,L2_512KB_A4_B256,32,4,32,512,4,256,60533960377,84595655831,0.715568000,17653017444,586547881,3.322649416,9.689567267,586547881,2715996,0.463047619,0.044867311,2715996,/home/peppasmich/NTUA-Advanced_Computer_Architecture/exercises/2nd/benchmarks/4.2/raw/444.namd/L2_512KB_A4_B256.out,/home/peppasmich/NTUA-Advanced_Computer_Architecture/exercises/2nd/benchmarks/4.2/logs/444.namd/L2_512KB_A4_B256.stdout.txt,/home/peppasmich/NTUA-Advanced_Computer_Architecture/exercises/2nd/benchmarks/4.2/logs/444.namd/L2_512KB_A4_B256.stderr.txt
450.soplex,L2_512KB_A4_B256,32,4,32,512,4,256,7437225256,24640494983,0.301829000,2638737437,386556489,14.649297182,51.975901723,386556489,53494837,13.838814901,7.192848833,53494837,/home/peppasmich/NTUA-Advanced_Computer_Architecture/exercises/2nd/benchmarks/4.2/raw/450.soplex/L2_512KB_A4_B256.out,/home/peppasmich/NTUA-Advanced_Computer_Architecture/exercises/2nd/benchmarks/4.2/logs/450.soplex/L2_512KB_A4_B256.stdout.txt,/home/peppasmich/NTUA-Advanced_Computer_Architecture/exercises/2nd/benchmarks/4.2/logs/450.soplex/L2_512KB_A4_B256.stderr.txt
459.GemsFDTD,L2_512KB_A4_B256,32,4,32,512,4,256,108786994771,482154880804,0.225627000,44379576293,6376902614,14.369002921,58.618244096,6376902614,1326096418,20.795306096,12.189843288,1326096418,/home/peppasmich/NTUA-Advanced_Computer_Architecture/exercises/2nd/benchmarks/4.2/raw/459.GemsFDTD/L2_512KB_A4_B256.out,/home/peppasmich/NTUA-Advanced_Computer_Architecture/exercises/2nd/benchmarks/4.2/logs/459.GemsFDTD/L2_512KB_A4_B256.stdout.txt,/home/peppasmich/NTUA-Advanced_Computer_Architecture/exercises/2nd/benchmarks/4.2/logs/459.GemsFDTD/L2_512KB_A4_B256.stderr.txt
470.lbm,L2_512KB_A4_B256,32,4,32,512,4,256,96483401448,410892474454,0.234814000,31930116806,8343023420,26.129010021,86.471074763,8343023420,995243610,11.929052094,10.315179555,995243610,/home/peppasmich/NTUA-Advanced_Computer_Architecture/exercises/2nd/benchmarks/4.2/raw/470.lbm/L2_512KB_A4_B256.out,/home/peppasmich/NTUA-Advanced_Computer_Architecture/exercises/2nd/benchmarks/4.2/logs/470.lbm/L2_512KB_A4_B256.stdout.txt,/home/peppasmich/NTUA-Advanced_Computer_Architecture/exercises/2nd/benchmarks/4.2/logs/470.lbm/L2_512KB_A4_B256.stderr.txt
403.gcc,L2_512KB_A4_B64,32,4,32,512,4,64,3184277506,8059679285,0.395087000,1230674379,67227220,5.462632614,21.112236566,67227220,14862276,22.107527278,4.667393458,14862276,/home/peppasmich/NTUA-Advanced_Computer_Architecture/exercises/2nd/benchmarks/4.2/raw/403.gcc/L2_512KB_A4_B64.out,/home/peppasmich/NTUA-Advanced_Computer_Architecture/exercises/2nd/benchmarks/4.2/logs/403.gcc/L2_512KB_A4_B64.stdout.txt,/home/peppasmich/NTUA-Advanced_Computer_Architecture/exercises/2nd/benchmarks/4.2/logs/403.gcc/L2_512KB_A4_B64.stderr.txt
429.mcf,L2_512KB_A4_B64,32,4,32,512,4,64,18199707639,484985495011,0.037526300,8233779532,3174882404,38.559235059,174.446890410,3174882404,2134015919,67.215589349,117.255505491,2134015919,/home/peppasmich/NTUA-Advanced_Computer_Architecture/exercises/2nd/benchmarks/4.2/raw/429.mcf/L2_512KB_A4_B64.out,/home/peppasmich/NTUA-Advanced_Computer_Architecture/exercises/2nd/benchmarks/4.2/logs/429.mcf/L2_512KB_A4_B64.stdout.txt,/home/peppasmich/NTUA-Advanced_Computer_Architecture/exercises/2nd/benchmarks/4.2/logs/429.mcf/L2_512KB_A4_B64.stderr.txt
433.milc,L2_512KB_A4_B64,32,4,32,512,4,64,38323369696,221766687267,0.172809000,13220705181,1389151139,10.507390642,36.248147019,1389151139,781655505,56.268571724,20.396314604,781655505,/home/peppasmich/NTUA-Advanced_Computer_Architecture/exercises/2nd/benchmarks/4.2/raw/433.milc/L2_512KB_A4_B64.out,/home/peppasmich/NTUA-Advanced_Computer_Architecture/exercises/2nd/benchmarks/4.2/logs/433.milc/L2_512KB_A4_B64.stdout.txt,/home/peppasmich/NTUA-Advanced_Computer_Architecture/exercises/2nd/benchmarks/4.2/logs/433.milc/L2_512KB_A4_B64.stderr.txt
444.namd,L2_512KB_A4_B64,32,4,32,512,4,64,60533958060,85856633032,0.705059000,17653017032,586989174,3.325149310,9.696857645,586989174,8998831,1.533048887,0.148657568,8998831,/home/peppasmich/NTUA-Advanced_Computer_Architecture/exercises/2nd/benchmarks/4.2/raw/444.namd/L2_512KB_A4_B64.out,/home/peppasmich/NTUA-Advanced_Computer_Architecture/exercises/2nd/benchmarks/4.2/logs/444.namd/L2_512KB_A4_B64.stdout.txt,/home/peppasmich/NTUA-Advanced_Computer_Architecture/exercises/2nd/benchmarks/4.2/logs/444.namd/L2_512KB_A4_B64.stderr.txt
450.soplex,L2_512KB_A4_B64,32,4,32,512,4,64,7436477406,51106564506,0.145509000,2638643420,386636728,14.652860067,51.991918605,386636728,185825382,48.062009774,24.988361001,185825382,/home/peppasmich/NTUA-Advanced_Computer_Architecture/exercises/2nd/benchmarks/4.2/raw/450.soplex/L2_512KB_A4_B64.out,/home/peppasmich/NTUA-Advanced_Computer_Architecture/exercises/2nd/benchmarks/4.2/logs/450.soplex/L2_512KB_A4_B64.stdout.txt,/home/peppasmich/NTUA-Advanced_Computer_Architecture/exercises/2nd/benchmarks/4.2/logs/450.soplex/L2_512KB_A4_B64.stderr.txt
459.GemsFDTD,L2_512KB_A4_B64,32,4,32,512,4,64,108786995069,750700110320,0.144914000,44379576441,6374159521,14.362821893,58.593028670,6374159521,2668959718,41.871555131,24.533812303,2668959718,/home/peppasmich/NTUA-Advanced_Computer_Architecture/exercises/2nd/benchmarks/4.2/raw/459.GemsFDTD/L2_512KB_A4_B64.out,/home/peppasmich/NTUA-Advanced_Computer_Architecture/exercises/2nd/benchmarks/4.2/logs/459.GemsFDTD/L2_512KB_A4_B64.stdout.txt,/home/peppasmich/NTUA-Advanced_Computer_Architecture/exercises/2nd/benchmarks/4.2/logs/459.GemsFDTD/L2_512KB_A4_B64.stderr.txt
470.lbm,L2_512KB_A4_B64,32,4,32,512,4,64,96483401448,1006537327194,0.095856800,31930116806,8342113434,26.126160091,86.461643234,8342113434,3973513373,47.631974852,41.183388162,3973513373,/home/peppasmich/NTUA-Advanced_Computer_Architecture/exercises/2nd/benchmarks/4.2/raw/470.lbm/L2_512KB_A4_B64.out,/home/peppasmich/NTUA-Advanced_Computer_Architecture/exercises/2nd/benchmarks/4.2/logs/470.lbm/L2_512KB_A4_B64.stdout.txt,/home/peppasmich/NTUA-Advanced_Computer_Architecture/exercises/2nd/benchmarks/4.2/logs/470.lbm/L2_512KB_A4_B64.stderr.txt
403.gcc,L2_512KB_A8_B128,32,4,32,512,8,128,3184239378,7314175839,0.435352000,1230655761,67736850,5.504126511,21.272537005,67736850,11109561,16.401059394,3.488921429,11109561,/home/peppasmich/NTUA-Advanced_Computer_Architecture/exercises/2nd/benchmarks/4.2/raw/403.gcc/L2_512KB_A8_B128.out,/home/peppasmich/NTUA-Advanced_Computer_Architecture/exercises/2nd/benchmarks/4.2/logs/403.gcc/L2_512KB_A8_B128.stdout.txt,/home/peppasmich/NTUA-Advanced_Computer_Architecture/exercises/2nd/benchmarks/4.2/logs/403.gcc/L2_512KB_A8_B128.stderr.txt
429.mcf,L2_512KB_A8_B128,32,4,32,512,8,128,18199707639,351612424121,0.051760700,8233779532,3175262615,38.563852756,174.467781460,3175262615,1467131554,46.205046067,80.612918795,1467131554,/home/peppasmich/NTUA-Advanced_Computer_Architecture/exercises/2nd/benchmarks/4.2/raw/429.mcf/L2_512KB_A8_B128.out,/home/peppasmich/NTUA-Advanced_Computer_Architecture/exercises/2nd/benchmarks/4.2/logs/429.mcf/L2_512KB_A8_B128.stdout.txt,/home/peppasmich/NTUA-Advanced_Computer_Architecture/exercises/2nd/benchmarks/4.2/logs/429.mcf/L2_512KB_A8_B128.stderr.txt
433.milc,L2_512KB_A8_B128,32,4,32,512,8,128,38323369696,161840302347,0.236797000,13220705181,1389700827,10.511548423,36.262490434,1389700827,481996096,34.683443129,12.577080247,481996096,/home/peppasmich/NTUA-Advanced_Computer_Architecture/exercises/2nd/benchmarks/4.2/raw/433.milc/L2_512KB_A8_B128.out,/home/peppasmich/NTUA-Advanced_Computer_Architecture/exercises/2nd/benchmarks/4.2/logs/433.milc/L2_512KB_A8_B128.stdout.txt,/home/peppasmich/NTUA-Advanced_Computer_Architecture/exercises/2nd/benchmarks/4.2/logs/433.milc/L2_512KB_A8_B128.stderr.txt
444.namd,L2_512KB_A8_B128,32,4,32,512,8,128,60533959253,85036862929,0.711856000,17653017226,587362225,3.327262515,9.703020127,587362225,4881321,0.831058041,0.080637729,4881321,/home/peppasmich/NTUA-Advanced_Computer_Architecture/exercises/2nd/benchmarks/4.2/raw/444.namd/L2_512KB_A8_B128.out,/home/peppasmich/NTUA-Advanced_Computer_Architecture/exercises/2nd/benchmarks/4.2/logs/444.namd/L2_512KB_A8_B128.stdout.txt,/home/peppasmich/NTUA-Advanced_Computer_Architecture/exercises/2nd/benchmarks/4.2/logs/444.namd/L2_512KB_A8_B128.stderr.txt
450.soplex,L2_512KB_A8_B128,32,4,32,512,8,128,7447392038,33745259021,0.220694000,2640741203,386517498,14.636704936,51.899711473,386517498,98959754,25.602916947,13.287840024,98959754,/home/peppasmich/NTUA-Advanced_Computer_Architecture/exercises/2nd/benchmarks/4.2/raw/450.soplex/L2_512KB_A8_B128.out,/home/peppasmich/NTUA-Advanced_Computer_Architecture/exercises/2nd/benchmarks/4.2/logs/450.soplex/L2_512KB_A8_B128.stdout.txt,/home/peppasmich/NTUA-Advanced_Computer_Architecture/exercises/2nd/benchmarks/4.2/logs/450.soplex/L2_512KB_A8_B128.stderr.txt
459.GemsFDTD,L2_512KB_A8_B128,32,4,32,512,8,128,108786994867,525362499688,0.207070000,44379576341,6374810648,14.364289102,58.599014117,6374810648,1542239110,24.192704618,14.176686394,1542239110,/home/peppasmich/NTUA-Advanced_Computer_Architecture/exercises/2nd/benchmarks/4.2/raw/459.GemsFDTD/L2_512KB_A8_B128.out,/home/peppasmich/NTUA-Advanced_Computer_Architecture/exercises/2nd/benchmarks/4.2/logs/459.GemsFDTD/L2_512KB_A8_B128.stdout.txt,/home/peppasmich/NTUA-Advanced_Computer_Architecture/exercises/2nd/benchmarks/4.2/logs/459.GemsFDTD/L2_512KB_A8_B128.stderr.txt
470.lbm,L2_512KB_A8_B128,32,4,32,512,8,128,96483401448,609420219924,0.158320000,31930116806,8342155187,26.126290855,86.462075982,8342155187,1987925749,23.829882140,20.603810802,1987925749,/home/peppasmich/NTUA-Advanced_Computer_Architecture/exercises/2nd/benchmarks/4.2/raw/470.lbm/L2_512KB_A8_B128.out,/home/peppasmich/NTUA-Advanced_Computer_Architecture/exercises/2nd/benchmarks/4.2/logs/470.lbm/L2_512KB_A8_B128.stdout.txt,/home/peppasmich/NTUA-Advanced_Computer_Architecture/exercises/2nd/benchmarks/4.2/logs/470.lbm/L2_512KB_A8_B128.stderr.txt
403.gcc,L2_512KB_A8_B256,32,4,32,512,8,256,3184213485,6662570228,0.477926000,1230636713,67107083,5.453037626,21.074932104,67107083,7883246,11.747263698,2.475727848,7883246,/home/peppasmich/NTUA-Advanced_Computer_Architecture/exercises/2nd/benchmarks/4.2/raw/403.gcc/L2_512KB_A8_B256.out,/home/peppasmich/NTUA-Advanced_Computer_Architecture/exercises/2nd/benchmarks/4.2/logs/403.gcc/L2_512KB_A8_B256.stdout.txt,/home/peppasmich/NTUA-Advanced_Computer_Architecture/exercises/2nd/benchmarks/4.2/logs/403.gcc/L2_512KB_A8_B256.stderr.txt
429.mcf,L2_512KB_A8_B256,32,4,32,512,8,256,18199707639,239951107451,0.075847600,8233779532,3176093968,38.573949614,174.513460930,3176093968,908783403,28.613240419,49.933956140,908783403,/home/peppasmich/NTUA-Advanced_Computer_Architecture/exercises/2nd/benchmarks/4.2/raw/429.mcf/L2_512KB_A8_B256.out,/home/peppasmich/NTUA-Advanced_Computer_Architecture/exercises/2nd/benchmarks/4.2/logs/429.mcf/L2_512KB_A8_B256.stdout.txt,/home/peppasmich/NTUA-Advanced_Computer_Architecture/exercises/2nd/benchmarks/4.2/logs/429.mcf/L2_512KB_A8_B256.stderr.txt
433.milc,L2_512KB_A8_B256,32,4,32,512,8,256,38323369696,135172198737,0.283515000,13220705181,1389409846,10.509347474,36.254897652,1389409846,348670127,25.094836344,9.098107232,348670127,/home/peppasmich/NTUA-Advanced_Computer_Architecture/exercises/2nd/benchmarks/4.2/raw/433.milc/L2_512KB_A8_B256.out,/home/peppasmich/NTUA-Advanced_Computer_Architecture/exercises/2nd/benchmarks/4.2/logs/433.milc/L2_512KB_A8_B256.stdout.txt,/home/peppasmich/NTUA-Advanced_Computer_Architecture/exercises/2nd/benchmarks/4.2/logs/433.milc/L2_512KB_A8_B256.stderr.txt
444.namd,L2_512KB_A8_B256,32,4,32,512,8,256,60533958310,84588954794,0.715625000,17653017094,586931839,3.324824509,9.695910451,586931839,2663305,0.453767341,0.043996875,2663305,/home/peppasmich/NTUA-Advanced_Computer_Architecture/exercises/2nd/benchmarks/4.2/raw/444.namd/L2_512KB_A8_B256.out,/home/peppasmich/NTUA-Advanced_Computer_Architecture/exercises/2nd/benchmarks/4.2/logs/444.namd/L2_512KB_A8_B256.stdout.txt,/home/peppasmich/NTUA-Advanced_Computer_Architecture/exercises/2nd/benchmarks/4.2/logs/444.namd/L2_512KB_A8_B256.stderr.txt
450.soplex,L2_512KB_A8_B256,32,4,32,512,8,256,7445859248,24602121768,0.302651000,2640506190,386602573,14.641229567,51.921821260,386602573,53248653,13.773486448,7.151445015,53248653,/home/peppasmich/NTUA-Advanced_Computer_Architecture/exercises/2nd/benchmarks/4.2/raw/450.soplex/L2_512KB_A8_B256.out,/home/peppasmich/NTUA-Advanced_Computer_Architecture/exercises/2nd/benchmarks/4.2/logs/450.soplex/L2_512KB_A8_B256.stdout.txt,/home/peppasmich/NTUA-Advanced_Computer_Architecture/exercises/2nd/benchmarks/4.2/logs/450.soplex/L2_512KB_A8_B256.stderr.txt
459.GemsFDTD,L2_512KB_A8_B256,32,4,32,512,8,256,108786994915,476775808005,0.228172000,44379576350,6377292654,14.369881776,58.621829374,6377292654,1299181551,20.371992027,11.942434406,1299181551,/home/peppasmich/NTUA-Advanced_Computer_Architecture/exercises/2nd/benchmarks/4.2/raw/459.GemsFDTD/L2_512KB_A8_B256.out,/home/peppasmich/NTUA-Advanced_Computer_Architecture/exercises/2nd/benchmarks/4.2/logs/459.GemsFDTD/L2_512KB_A8_B256.stdout.txt,/home/peppasmich/NTUA-Advanced_Computer_Architecture/exercises/2nd/benchmarks/4.2/logs/459.GemsFDTD/L2_512KB_A8_B256.stderr.txt
470.lbm,L2_512KB_A8_B256,32,4,32,512,8,256,96483401448,410717645184,0.234914000,31930116806,8342155673,26.126292377,86.462081019,8342155673,994412851,11.920334383,10.306569172,994412851,/home/peppasmich/NTUA-Advanced_Computer_Architecture/exercises/2nd/benchmarks/4.2/raw/470.lbm/L2_512KB_A8_B256.out,/home/peppasmich/NTUA-Advanced_Computer_Architecture/exercises/2nd/benchmarks/4.2/logs/470.lbm/L2_512KB_A8_B256.stdout.txt,/home/peppasmich/NTUA-Advanced_Computer_Architecture/exercises/2nd/benchmarks/4.2/logs/470.lbm/L2_512KB_A8_B256.stderr.txt
403.gcc,L2_512KB_A8_B64,32,4,32,512,8,64,3184137823,7989053859,0.398563000,1230618926,67023331,5.446310762,21.049130008,67023331,14520319,21.664573788,4.560204302,14520319,/home/peppasmich/NTUA-Advanced_Computer_Architecture/exercises/2nd/benchmarks/4.2/raw/403.gcc/L2_512KB_A8_B64.out,/home/peppasmich/NTUA-Advanced_Computer_Architecture/exercises/2nd/benchmarks/4.2/logs/403.gcc/L2_512KB_A8_B64.stdout.txt,/home/peppasmich/NTUA-Advanced_Computer_Architecture/exercises/2nd/benchmarks/4.2/logs/403.gcc/L2_512KB_A8_B64.stderr.txt
429.mcf,L2_512KB_A8_B64,32,4,32,512,8,64,18199707639,484912347821,0.037532000,8233779532,3174688545,38.556880624,174.436238646,3174688545,2133659876,67.208478745,117.235942375,2133659876,/home/peppasmich/NTUA-Advanced_Computer_Architecture/exercises/2nd/benchmarks/4.2/raw/429.mcf/L2_512KB_A8_B64.out,/home/peppasmich/NTUA-Advanced_Computer_Architecture/exercises/2nd/benchmarks/4.2/logs/429.mcf/L2_512KB_A8_B64.stdout.txt,/home/peppasmich/NTUA-Advanced_Computer_Architecture/exercises/2nd/benchmarks/4.2/logs/429.mcf/L2_512KB_A8_B64.stderr.txt
433.milc,L2_512KB_A8_B64,32,4,32,512,8,64,38323370763,221828886564,0.172761000,13220705411,1389263579,10.508240943,36.251079990,1389263579,781960873,56.285998195,20.404282229,781960873,/home/peppasmich/NTUA-Advanced_Computer_Architecture/exercises/2nd/benchmarks/4.2/raw/433.milc/L2_512KB_A8_B64.out,/home/peppasmich/NTUA-Advanced_Computer_Architecture/exercises/2nd/benchmarks/4.2/logs/433.milc/L2_512KB_A8_B64.stdout.txt,/home/peppasmich/NTUA-Advanced_Computer_Architecture/exercises/2nd/benchmarks/4.2/logs/433.milc/L2_512KB_A8_B64.stderr.txt
444.namd,L2_512KB_A8_B64,32,4,32,512,8,64,60533960379,85890700503,0.704779000,17653017444,589736168,3.340710277,9.742236660,589736168,9031805,1.531499252,0.149202282,9031805,/home/peppasmich/NTUA-Advanced_Computer_Architecture/exercises/2nd/benchmarks/4.2/raw/444.namd/L2_512KB_A8_B64.out,/home/peppasmich/NTUA-Advanced_Computer_Architecture/exercises/2nd/benchmarks/4.2/logs/444.namd/L2_512KB_A8_B64.stdout.txt,/home/peppasmich/NTUA-Advanced_Computer_Architecture/exercises/2nd/benchmarks/4.2/logs/444.namd/L2_512KB_A8_B64.stderr.txt
450.soplex,L2_512KB_A8_B64,32,4,32,512,8,64,7438149199,51037378879,0.145739000,2638915510,386590977,14.649615554,51.974082081,386590977,185472022,47.976293559,24.935238194,185472022,/home/peppasmich/NTUA-Advanced_Computer_Architecture/exercises/2nd/benchmarks/4.2/raw/450.soplex/L2_512KB_A8_B64.out,/home/peppasmich/NTUA-Advanced_Computer_Architecture/exercises/2nd/benchmarks/4.2/logs/450.soplex/L2_512KB_A8_B64.stdout.txt,/home/peppasmich/NTUA-Advanced_Computer_Architecture/exercises/2nd/benchmarks/4.2/logs/450.soplex/L2_512KB_A8_B64.stderr.txt
459.GemsFDTD,L2_512KB_A8_B64,32,4,32,512,8,64,108786994771,746021474214,0.145823000,44379576293,6371090915,14.355907485,58.564821359,6371090915,2645719970,41.526953630,24.320186209,2645719970,/home/peppasmich/NTUA-Advanced_Computer_Architecture/exercises/2nd/benchmarks/4.2/raw/459.GemsFDTD/L2_512KB_A8_B64.out,/home/peppasmich/NTUA-Advanced_Computer_Architecture/exercises/2nd/benchmarks/4.2/logs/459.GemsFDTD/L2_512KB_A8_B64.stdout.txt,/home/peppasmich/NTUA-Advanced_Computer_Architecture/exercises/2nd/benchmarks/4.2/logs/459.GemsFDTD/L2_512KB_A8_B64.stderr.txt
470.lbm,L2_512KB_A8_B64,32,4,32,512,8,64,96483401448,1006566865944,0.095853900,31930116806,8341950029,26.125648333,86.459949627,8341950029,3973669237,47.634776320,41.185003611,3973669237,/home/peppasmich/NTUA-Advanced_Computer_Architecture/exercises/2nd/benchmarks/4.2/raw/470.lbm/L2_512KB_A8_B64.out,/home/peppasmich/NTUA-Advanced_Computer_Architecture/exercises/2nd/benchmarks/4.2/logs/470.lbm/L2_512KB_A8_B64.stdout.txt,/home/peppasmich/NTUA-Advanced_Computer_Architecture/exercises/2nd/benchmarks/4.2/logs/470.lbm/L2_512KB_A8_B64.stderr.txt
